iso-datetime,BND_DAYTIME,BND_CLEARSKY_GHI,BND_CLOUDINESS,BND_GHI,TBL_DAYTIME,TBL_CLEARSKY_GHI,TBL_CLOUDINESS,TBL_GHI,DRA_DAYTIME,DRA_CLEARSKY_GHI,DRA_CLOUDINESS,DRA_GHI,FPK_DAYTIME,FPK_CLEARSKY_GHI,FPK_CLOUDINESS,FPK_GHI,GWN_DAYTIME,GWN_CLEARSKY_GHI,GWN_CLOUDINESS,GWN_GHI,PSU_DAYTIME,PSU_CLEARSKY_GHI,PSU_CLOUDINESS,PSU_GHI,SXF_DAYTIME,SXF_CLEARSKY_GHI,SXF_CLOUDINESS,SXF_GHI,BND_DAYTIME_4,BND_DAYTIME_12,BND_DAYTIME_24,TBL_DAYTIME_4,TBL_DAYTIME_12,TBL_DAYTIME_24,DRA_DAYTIME_4,DRA_DAYTIME_12,DRA_DAYTIME_24,FPK_DAYTIME_4,FPK_DAYTIME_12,FPK_DAYTIME_24,GWN_DAYTIME_4,GWN_DAYTIME_12,GWN_DAYTIME_24,PSU_DAYTIME_4,PSU_DAYTIME_12,PSU_DAYTIME_24,SXF_DAYTIME_4,SXF_DAYTIME_12,SXF_DAYTIME_24,BND_CLEARSKY_GHI_4,BND_CLEARSKY_GHI_12,BND_CLEARSKY_GHI_24,TBL_CLEARSKY_GHI_4,TBL_CLEARSKY_GHI_12,TBL_CLEARSKY_GHI_24,DRA_CLEARSKY_GHI_4,DRA_CLEARSKY_GHI_12,DRA_CLEARSKY_GHI_24,FPK_CLEARSKY_GHI_4,FPK_CLEARSKY_GHI_12,FPK_CLEARSKY_GHI_24,GWN_CLEARSKY_GHI_4,GWN_CLEARSKY_GHI_12,GWN_CLEARSKY_GHI_24,PSU_CLEARSKY_GHI_4,PSU_CLEARSKY_GHI_12,PSU_CLEARSKY_GHI_24,SXF_CLEARSKY_GHI_4,SXF_CLEARSKY_GHI_12,SXF_CLEARSKY_GHI_24,BND_GHI_4,BND_GHI_12,BND_GHI_24,TBL_GHI_4,TBL_GHI_12,TBL_GHI_24,DRA_GHI_4,DRA_GHI_12,DRA_GHI_24,FPK_GHI_4,FPK_GHI_12,FPK_GHI_24,GWN_GHI_4,GWN_GHI_12,GWN_GHI_24,PSU_GHI_4,PSU_GHI_12,PSU_GHI_24,SXF_GHI_4,SXF_GHI_12,SXF_GHI_24
2010-01-01 00:00:00,0.0,0.0,night,-4.1,0.0,0.0,night,-3.6,1.0,52.70647305804934,cloudy,,0.0,0.0,night,-3.1,0.0,0.0,night,-7.5,0.0,0.0,night,-1.5,0.0,0.0,night,-3.8,0.0,0.0,0.0,0.0,0.0,0.0,0.0,0.0,0.0,0.0,0.0,0.0,0.0,0.0,0.0,0.0,0.0,0.0,0.0,0.0,0.0,0.0,0.0,0.0,0.0,0.0,0.0,0.0,0.0,0.0,0.0,0.0,0.0,0.0,0.0,0.0,0.0,0.0,0.0,0.0,0.0,0.0,-4.1000000000000005,-4.1000000000000005,-4.046666666666667,-5.1333333333333355,-4.660000000000003,-4.286666666666675,,,,-2.693333333333331,-2.7066666666666666,-3.1533333333333355,-7.586666666666667,-7.8,-4.24,-2.0066666666666673,-1.3999999999999995,-1.573333333333335,-4.1333333333333355,-4.293333333333333,-3.140000000000002
2010-01-01 00:15:00,0.0,0.0,night,-4.1000000000000005,0.0,0.0,night,-5.353333333333334,1.0,18.742351231680207,cloudy,,0.0,0.0,night,-2.8333333333333326,0.0,0.0,night,-7.493333333333333,0.0,0.0,night,-1.4466666666666665,0.0,0.0,night,-3.893333333333332,0.0,0.0,0.0,0.0,0.0,0.0,0.0,0.0,0.0,0.0,0.0,0.0,0.0,0.0,0.0,0.0,0.0,0.0,0.0,0.0,0.0,0.0,0.0,0.0,0.0,0.0,0.0,0.0,0.0,0.0,0.0,0.0,0.0,0.0,0.0,0.0,0.0,0.0,0.0,0.0,0.0,0.0,-4.1000000000000005,-4.1000000000000005,-3.986666666666666,-4.080000000000004,-5.120000000000003,-4.5600000000000085,,,,-2.8599999999999977,-2.499999999999999,-2.8400000000000007,-7.6000000000000005,-7.86,-4.326666666666666,-1.893333333333333,-1.3333333333333341,-1.5333333333333345,-3.98,-4.206666666666668,-3.0800000000000023
2010-01-01 00:30:00,0.0,0.0,night,-4.1000000000000005,0.0,0.0,night,-5.1800000000000015,1.0,1.5186206516065603,cloudy,,0.0,0.0,night,-2.546666666666666,0.0,0.0,night,-7.42,0.0,0.0,night,-1.766666666666667,0.0,0.0,night,-4.166666666666669,0.0,0.0,0.0,0.0,0.0,0.0,0.0,0.0,0.0,0.0,0.0,0.0,0.0,0.0,0.0,0.0,0.0,0.0,0.0,0.0,0.0,0.0,0.0,0.0,0.0,0.0,0.0,0.0,0.0,0.0,0.0,0.0,0.0,0.0,0.0,0.0,0.0,0.0,0.0,0.0,0.0,0.0,-4.1000000000000005,-4.106666666666667,-3.959999999999999,-4.180000000000005,-4.6733333333333364,-4.08000000000001,,,,-2.953333333333332,-2.886666666666665,-2.520000000000001,-7.6066666666666665,-5.233333333333332,-4.246666666666668,-1.7266666666666668,-1.386666666666667,-1.593333333333335,-3.7933333333333334,-4.153333333333335,-3.0400000000000014
2010-01-01 00:45:00,0.0,0.0,night,-4.1000000000000005,0.0,0.0,night,-5.213333333333333,0.0,0.0,night,,0.0,0.0,night,-2.4333333333333313,0.0,0.0,night,-7.5333333333333306,0.0,0.0,night,-2.0333333333333345,0.0,0.0,night,-4.040000000000001,0.0,0.0,0.0,0.0,0.0,0.0,0.0,0.0,0.0,0.0,0.0,0.0,0.0,0.0,0.0,0.0,0.0,0.0,0.0,0.0,0.0,0.0,0.0,0.0,0.0,0.0,0.0,0.0,0.0,0.0,0.0,0.0,0.0,0.0,0.0,0.0,0.0,0.0,0.0,0.0,0.0,0.0,-4.1000000000000005,-4.113333333333334,-4.133333333333335,-4.46666666666667,-4.286666666666672,-3.540000000000011,,,,-2.893333333333331,-2.699999999999998,-2.253333333333333,-7.819999999999999,-3.739999999999998,-4.220000000000002,-1.6266666666666683,-1.3333333333333335,-1.573333333333335,-3.8333333333333326,-3.806666666666667,-2.8999999999999995
2010-01-01 01:00:00,0.0,0.0,night,-4.1000000000000005,0.0,0.0,night,-5.1333333333333355,0.0,0.0,night,,0.0,0.0,night,-2.693333333333331,0.0,0.0,night,-7.586666666666667,0.0,0.0,night,-2.0066666666666673,0.0,0.0,night,-4.1333333333333355,0.0,0.0,0.0,0.0,0.0,0.0,0.0,0.0,0.0,0.0,0.0,0.0,0.0,0.0,0.0,0.0,0.0,0.0,0.0,0.0,0.0,0.0,0.0,0.0,0.0,0.0,0.0,0.0,0.0,0.0,0.0,0.0,0.0,0.0,0.0,0.0,0.0,0.0,0.0,0.0,0.0,0.0,-4.1000000000000005,-4.1000000000000005,-4.0600000000000005,-4.193333333333337,-3.8800000000000066,-2.6866666666666763,,,,-2.8799999999999972,-2.4199999999999995,-2.1399999999999997,-7.7,-4.279999999999998,-4.260000000000002,-1.5000000000000007,-1.2866666666666675,-1.600000000000002,-4.006666666666667,-3.6533333333333364,-3.046666666666668
2010-01-01 01:15:00,0.0,0.0,night,-4.1000000000000005,0.0,0.0,night,-4.080000000000004,0.0,0.0,night,,0.0,0.0,night,-2.8599999999999977,0.0,0.0,night,-7.6000000000000005,0.0,0.0,night,-1.893333333333333,0.0,0.0,night,-3.98,0.0,0.0,0.0,0.0,0.0,0.0,0.0,0.0,0.0,0.0,0.0,0.0,0.0,0.0,0.0,0.0,0.0,0.0,0.0,0.0,0.0,0.0,0.0,0.0,0.0,0.0,0.0,0.0,0.0,0.0,0.0,0.0,0.0,0.0,0.0,0.0,0.0,0.0,0.0,0.0,0.0,0.0,-4.1000000000000005,-4.120000000000001,-3.9533333333333323,-4.240000000000003,-1.9400000000000062,-2.726666666666676,,,,-2.7999999999999985,-2.279999999999999,-1.833333333333333,-7.666666666666667,-4.353333333333331,-4.386666666666671,-1.44,-1.38,-1.6600000000000008,-3.9199999999999995,-3.693333333333336,-3.046666666666668
2010-01-01 01:30:00,0.0,0.0,night,-4.1000000000000005,0.0,0.0,night,-4.180000000000005,0.0,0.0,night,,0.0,0.0,night,-2.953333333333332,0.0,0.0,night,-7.6066666666666665,0.0,0.0,night,-1.7266666666666668,0.0,0.0,night,-3.7933333333333334,0.0,0.0,0.0,0.0,0.0,0.0,0.0,0.0,0.0,0.0,0.0,0.0,0.0,0.0,0.0,0.0,0.0,0.0,0.0,0.0,0.0,0.0,0.0,0.0,0.0,0.0,0.0,0.0,0.0,0.0,0.0,0.0,0.0,0.0,0.0,0.0,0.0,0.0,0.0,0.0,0.0,0.0,-4.1000000000000005,-4.073333333333334,-3.986666666666666,-4.64666666666667,-2.626666666666673,-2.1266666666666767,,,,-2.7599999999999985,-2.066666666666666,-1.8999999999999997,-7.733333333333333,-4.213333333333333,-4.366666666666673,-1.4800000000000004,-1.320000000000001,-1.6333333333333349,-4.186666666666668,-3.640000000000003,-3.0066666666666677
2010-01-01 01:45:00,0.0,0.0,night,-4.1000000000000005,0.0,0.0,night,-4.46666666666667,0.0,0.0,night,,0.0,0.0,night,-2.893333333333331,0.0,0.0,night,-7.819999999999999,0.0,0.0,night,-1.6266666666666683,0.0,0.0,night,-3.8333333333333326,0.0,0.0,0.0,0.0,0.0,0.0,0.0,0.0,0.0,0.0,0.0,0.0,0.0,0.0,0.0,0.0,0.0,0.0,0.0,0.0,0.0,0.0,0.0,0.0,0.0,0.0,0.0,0.0,0.0,0.0,0.0,0.0,0.0,0.0,0.0,0.0,0.0,0.0,0.0,0.0,0.0,0.0,-4.1000000000000005,-4.006666666666666,-4.0600000000000005,-4.7533333333333365,-3.5933333333333395,-2.8866666666666765,,,,-2.7733333333333325,-2.8666666666666667,-2.1133333333333337,-7.840000000000002,-4.2333333333333325,-4.333333333333343,-1.5000000000000007,-1.3066666666666678,-1.6066666666666687,-4.100000000000002,-3.633333333333336,-2.980000000000001
2010-01-01 02:00:00,0.0,0.0,night,-4.1000000000000005,0.0,0.0,night,-4.193333333333337,0.0,0.0,night,,0.0,0.0,night,-2.8799999999999972,0.0,0.0,night,-7.7,0.0,0.0,night,-1.5000000000000007,0.0,0.0,night,-4.006666666666667,0.0,0.0,0.0,0.0,0.0,0.0,0.0,0.0,0.0,0.0,0.0,0.0,0.0,0.0,0.0,0.0,0.0,0.0,0.0,0.0,0.0,0.0,0.0,0.0,0.0,0.0,0.0,0.0,0.0,0.0,0.0,0.0,0.0,0.0,0.0,0.0,0.0,0.0,0.0,0.0,0.0,0.0,-4.1000000000000005,-4.080000000000001,-3.986666666666666,-4.660000000000003,-4.046666666666674,-3.3400000000000096,,,,-2.7066666666666666,-3.1066666666666682,-2.426666666666665,-7.8,-4.166666666666667,-4.300000000000013,-1.3999999999999995,-1.393333333333333,-1.5933333333333353,-4.293333333333333,-3.6533333333333364,-2.8733333333333326
2010-01-01 02:15:00,0.0,0.0,night,-4.1000000000000005,0.0,0.0,night,-4.240000000000003,0.0,0.0,night,,0.0,0.0,night,-2.7999999999999985,0.0,0.0,night,-7.666666666666667,0.0,0.0,night,-1.44,0.0,0.0,night,-3.9199999999999995,0.0,0.0,0.0,0.0,0.0,0.0,0.0,0.0,0.0,0.0,0.0,0.0,0.0,0.0,0.0,0.0,0.0,0.0,0.0,0.0,0.0,0.0,0.0,0.0,0.0,0.0,0.0,0.0,0.0,0.0,0.0,0.0,0.0,0.0,0.0,0.0,0.0,0.0,0.0,0.0,0.0,0.0,-4.1000000000000005,-4.086666666666668,-3.899999999999998,-5.120000000000003,-3.446666666666672,-3.24000000000001,,,,-2.499999999999999,-3.1600000000000024,-2.4066666666666667,-7.86,-4.346666666666664,-4.220000000000016,-1.3333333333333341,-1.4600000000000002,-1.6133333333333353,-4.206666666666668,-3.6600000000000033,-2.9466666666666668
2010-01-01 02:30:00,0.0,0.0,night,-4.1000000000000005,0.0,0.0,night,-4.64666666666667,0.0,0.0,night,,0.0,0.0,night,-2.7599999999999985,0.0,0.0,night,-7.733333333333333,0.0,0.0,night,-1.4800000000000004,0.0,0.0,night,-4.186666666666668,0.0,0.0,0.0,0.0,0.0,0.0,0.0,0.0,0.0,0.0,0.0,0.0,0.0,0.0,0.0,0.0,0.0,0.0,0.0,0.0,0.0,0.0,0.0,0.0,0.0,0.0,0.0,0.0,0.0,0.0,0.0,0.0,0.0,0.0,0.0,0.0,0.0,0.0,0.0,0.0,0.0,0.0,-4.106666666666667,-4.046666666666667,-3.8866666666666645,-4.6733333333333364,-3.606666666666673,-6.00000000000001,,,,-2.886666666666665,-3.086666666666668,-2.506666666666666,-5.233333333333332,-4.219999999999998,-4.29333333333335,-1.386666666666667,-1.4866666666666672,-1.520000000000001,-4.153333333333335,-3.3000000000000016,-3.2866666666666675
2010-01-01 02:45:00,0.0,0.0,night,-4.1000000000000005,0.0,0.0,night,-4.7533333333333365,0.0,0.0,night,,0.0,0.0,night,-2.7733333333333325,0.0,0.0,night,-7.840000000000002,0.0,0.0,night,-1.5000000000000007,0.0,0.0,night,-4.100000000000002,0.0,0.0,0.0,0.0,0.0,0.0,0.0,0.0,0.0,0.0,0.0,0.0,0.0,0.0,0.0,0.0,0.0,0.0,0.0,0.0,0.0,0.0,0.0,0.0,0.0,0.0,0.0,0.0,0.0,0.0,0.0,0.0,0.0,0.0,0.0,0.0,0.0,0.0,0.0,0.0,0.0,0.0,-4.113333333333334,-3.9933333333333327,-3.8933333333333313,-4.286666666666672,-4.47333333333334,-3.0666666666666758,,,,-2.699999999999998,-3.086666666666668,-2.093333333333333,-3.739999999999998,-4.373333333333332,-4.333333333333348,-1.3333333333333335,-1.5000000000000007,-1.646666666666668,-3.806666666666667,-3.1733333333333364,-3.4466666666666668
2010-01-01 03:00:00,0.0,0.0,night,-4.1000000000000005,0.0,0.0,night,-4.660000000000003,0.0,0.0,night,,0.0,0.0,night,-2.7066666666666666,0.0,0.0,night,-7.8,0.0,0.0,night,-1.3999999999999995,0.0,0.0,night,-4.293333333333333,0.0,0.0,0.0,0.0,0.0,0.0,0.0,0.0,0.0,0.0,0.0,0.0,0.0,0.0,0.0,0.0,0.0,0.0,0.0,0.0,0.0,0.0,0.0,0.0,0.0,0.0,0.0,0.0,0.0,0.0,0.0,0.0,0.0,0.0,0.0,0.0,0.0,0.0,0.0,0.0,0.0,0.0,-4.1000000000000005,-4.046666666666667,-3.926666666666665,-3.8800000000000066,-4.286666666666675,-2.7133333333333423,,,,-2.4199999999999995,-3.1533333333333355,-1.9333333333333331,-4.279999999999998,-4.24,-4.306666666666683,-1.2866666666666675,-1.573333333333335,-1.6666666666666674,-3.6533333333333364,-3.140000000000002,-3.553333333333335
2010-01-01 03:15:00,0.0,0.0,night,-4.1000000000000005,0.0,0.0,night,-5.120000000000003,0.0,0.0,night,,0.0,0.0,night,-2.499999999999999,0.0,0.0,night,-7.86,0.0,0.0,night,-1.3333333333333341,0.0,0.0,night,-4.206666666666668,0.0,0.0,0.0,0.0,0.0,0.0,0.0,0.0,0.0,0.0,0.0,0.0,0.0,0.0,0.0,0.0,0.0,0.0,0.0,0.0,0.0,0.0,0.0,0.0,0.0,0.0,0.0,0.0,0.0,0.0,0.0,0.0,0.0,0.0,0.0,0.0,0.0,0.0,0.0,0.0,0.0,0.0,-4.120000000000001,-3.986666666666666,-3.8866666666666645,-1.9400000000000062,-4.5600000000000085,-3.026666666666675,,,,-2.279999999999999,-2.8400000000000007,-2.4200000000000004,-4.353333333333331,-4.326666666666666,-4.27333333333335,-1.38,-1.5333333333333345,-1.720000000000001,-3.693333333333336,-3.0800000000000023,-3.386666666666666
2010-01-01 03:30:00,0.0,0.0,night,-4.106666666666667,0.0,0.0,night,-4.6733333333333364,0.0,0.0,night,,0.0,0.0,night,-2.886666666666665,0.0,0.0,night,-5.233333333333332,0.0,0.0,night,-1.386666666666667,0.0,0.0,night,-4.153333333333335,0.0,0.0,0.0,0.0,0.0,0.0,0.0,0.0,0.0,0.0,0.0,0.0,0.0,0.0,0.0,0.0,0.0,0.0,0.0,0.0,0.0,0.0,0.0,0.0,0.0,0.0,0.0,0.0,0.0,0.0,0.0,0.0,0.0,0.0,0.0,0.0,0.0,0.0,0.0,0.0,0.0,0.0,-4.073333333333334,-3.959999999999999,-3.7933333333333303,-2.626666666666673,-4.08000000000001,-3.8200000000000087,,,,-2.066666666666666,-2.520000000000001,-2.3933333333333326,-4.213333333333333,-4.246666666666668,-4.13333333333335,-1.320000000000001,-1.593333333333335,-1.7333333333333338,-3.640000000000003,-3.0400000000000014,-3.1666666666666687
2010-01-01 03:45:00,0.0,0.0,night,-4.113333333333334,0.0,0.0,night,-4.286666666666672,0.0,0.0,night,,0.0,0.0,night,-2.699999999999998,0.0,0.0,night,-3.739999999999998,0.0,0.0,night,-1.3333333333333335,0.0,0.0,night,-3.806666666666667,0.0,0.0,0.0,0.0,0.0,0.0,0.0,0.0,0.0,0.0,0.0,0.0,0.0,0.0,0.0,0.0,0.0,0.0,0.0,0.0,0.0,0.0,0.0,0.0,0.0,0.0,0.0,0.0,0.0,0.0,0.0,0.0,0.0,0.0,0.0,0.0,0.0,0.0,0.0,0.0,0.0,0.0,-4.006666666666666,-4.133333333333335,-3.799999999999997,-3.5933333333333395,-3.540000000000011,-3.5933333333333417,,,,-2.8666666666666667,-2.253333333333333,-2.9266666666666663,-4.2333333333333325,-4.220000000000002,-4.253333333333349,-1.3066666666666678,-1.573333333333335,-1.7933333333333346,-3.633333333333336,-2.8999999999999995,-2.973333333333334
2010-01-01 04:00:00,0.0,0.0,night,-4.1000000000000005,0.0,0.0,night,-3.8800000000000066,0.0,0.0,night,,0.0,0.0,night,-2.4199999999999995,0.0,0.0,night,-4.279999999999998,0.0,0.0,night,-1.2866666666666675,0.0,0.0,night,-3.6533333333333364,0.0,0.0,0.0,0.0,0.0,0.0,0.0,0.0,0.0,0.0,0.0,0.0,0.0,0.0,0.0,0.0,0.0,0.0,0.0,0.0,0.0,0.0,0.0,0.0,0.0,0.0,0.0,0.0,0.0,0.0,0.0,0.0,0.0,0.0,0.0,0.0,0.0,0.0,0.0,0.0,0.0,0.0,-4.080000000000001,-4.0600000000000005,-3.8066666666666635,-4.046666666666674,-2.6866666666666763,-2.746666666666676,,,,-3.1066666666666682,-2.1399999999999997,-2.6599999999999993,-4.166666666666667,-4.260000000000002,-4.686666666666683,-1.393333333333333,-1.600000000000002,-1.806666666666668,-3.6533333333333364,-3.046666666666668,-3.2066666666666666
2010-01-01 04:15:00,0.0,0.0,night,-4.120000000000001,0.0,0.0,night,-1.9400000000000062,0.0,0.0,night,,0.0,0.0,night,-2.279999999999999,0.0,0.0,night,-4.353333333333331,0.0,0.0,night,-1.38,0.0,0.0,night,-3.693333333333336,0.0,0.0,0.0,0.0,0.0,0.0,0.0,0.0,0.0,0.0,0.0,0.0,0.0,0.0,0.0,0.0,0.0,0.0,0.0,0.0,0.0,0.0,0.0,0.0,0.0,0.0,0.0,0.0,0.0,0.0,0.0,0.0,0.0,0.0,0.0,0.0,0.0,0.0,0.0,0.0,0.0,0.0,-4.086666666666668,-3.9533333333333323,-3.873333333333331,-3.446666666666672,-2.726666666666676,-3.7866666666666746,,,,-3.1600000000000024,-1.833333333333333,-2.1799999999999997,-4.346666666666664,-4.386666666666671,-4.6000000000000165,-1.4600000000000002,-1.6600000000000008,-1.6466666666666678,-3.6600000000000033,-3.046666666666668,-3.2600000000000002
2010-01-01 04:30:00,0.0,0.0,night,-4.073333333333334,0.0,0.0,night,-2.626666666666673,0.0,0.0,night,,0.0,0.0,night,-2.066666666666666,0.0,0.0,night,-4.213333333333333,0.0,0.0,night,-1.320000000000001,0.0,0.0,night,-3.640000000000003,0.0,0.0,0.0,0.0,0.0,0.0,0.0,0.0,0.0,0.0,0.0,0.0,0.0,0.0,0.0,0.0,0.0,0.0,0.0,0.0,0.0,0.0,0.0,0.0,0.0,0.0,0.0,0.0,0.0,0.0,0.0,0.0,0.0,0.0,0.0,0.0,0.0,0.0,0.0,0.0,0.0,0.0,-4.046666666666667,-3.986666666666666,-3.819999999999997,-3.606666666666673,-2.1266666666666767,-4.540000000000008,,,,-3.086666666666668,-1.8999999999999997,-2.3599999999999994,-4.219999999999998,-4.366666666666673,-4.433333333333349,-1.4866666666666672,-1.6333333333333349,-1.640000000000001,-3.3000000000000016,-3.0066666666666677,-3.126666666666669
2010-01-01 04:45:00,0.0,0.0,night,-4.006666666666666,0.0,0.0,night,-3.5933333333333395,0.0,0.0,night,,0.0,0.0,night,-2.8666666666666667,0.0,0.0,night,-4.2333333333333325,0.0,0.0,night,-1.3066666666666678,0.0,0.0,night,-3.633333333333336,0.0,0.0,0.0,0.0,0.0,0.0,0.0,0.0,0.0,0.0,0.0,0.0,0.0,0.0,0.0,0.0,0.0,0.0,0.0,0.0,0.0,0.0,0.0,0.0,0.0,0.0,0.0,0.0,0.0,0.0,0.0,0.0,0.0,0.0,0.0,0.0,0.0,0.0,0.0,0.0,0.0,0.0,-3.9933333333333327,-4.0600000000000005,-3.759999999999999,-4.47333333333334,-2.8866666666666765,-3.1333333333333413,,,,-3.086666666666668,-2.1133333333333337,-2.4533333333333323,-4.373333333333332,-4.333333333333343,-4.753333333333348,-1.5000000000000007,-1.6066666666666687,-1.5600000000000016,-3.1733333333333364,-2.980000000000001,-3.026666666666668
2010-01-01 05:00:00,0.0,0.0,night,-4.080000000000001,0.0,0.0,night,-4.046666666666674,0.0,0.0,night,,0.0,0.0,night,-3.1066666666666682,0.0,0.0,night,-4.166666666666667,0.0,0.0,night,-1.393333333333333,0.0,0.0,night,-3.6533333333333364,0.0,0.0,0.0,0.0,0.0,0.0,0.0,0.0,0.0,0.0,0.0,0.0,0.0,0.0,0.0,0.0,0.0,0.0,0.0,0.0,0.0,0.0,0.0,0.0,0.0,0.0,0.0,0.0,0.0,0.0,0.0,0.0,0.0,0.0,0.0,0.0,0.0,0.0,0.0,0.0,0.0,0.0,-4.046666666666667,-3.986666666666666,-3.720000000000001,-4.286666666666675,-3.3400000000000096,-3.0866666666666744,,,,-3.1533333333333355,-2.426666666666665,-2.393333333333333,-4.24,-4.300000000000013,-4.453333333333348,-1.573333333333335,-1.5933333333333353,-1.740000000000001,-3.140000000000002,-2.8733333333333326,-3.460000000000001
2010-01-01 05:15:00,0.0,0.0,night,-4.086666666666668,0.0,0.0,night,-3.446666666666672,0.0,0.0,night,,0.0,0.0,night,-3.1600000000000024,0.0,0.0,night,-4.346666666666664,0.0,0.0,night,-1.4600000000000002,0.0,0.0,night,-3.6600000000000033,0.0,0.0,0.0,0.0,0.0,0.0,0.0,0.0,0.0,0.0,0.0,0.0,0.0,0.0,0.0,0.0,0.0,0.0,0.0,0.0,0.0,0.0,0.0,0.0,0.0,0.0,0.0,0.0,0.0,0.0,0.0,0.0,0.0,0.0,0.0,0.0,0.0,0.0,0.0,0.0,0.0,0.0,-3.986666666666666,-3.899999999999998,-3.7066666666666688,-4.5600000000000085,-3.24000000000001,-2.6866666666666745,,,,-2.8400000000000007,-2.4066666666666667,-2.7599999999999976,-4.326666666666666,-4.220000000000016,-4.540000000000016,-1.5333333333333345,-1.6133333333333353,-1.8200000000000005,-3.0800000000000023,-2.9466666666666668,-3.560000000000002
2010-01-01 05:30:00,0.0,0.0,night,-4.046666666666667,0.0,0.0,night,-3.606666666666673,0.0,0.0,night,,0.0,0.0,night,-3.086666666666668,0.0,0.0,night,-4.219999999999998,0.0,0.0,night,-1.4866666666666672,0.0,0.0,night,-3.3000000000000016,0.0,0.0,0.0,0.0,0.0,0.0,0.0,0.0,0.0,0.0,0.0,0.0,0.0,0.0,0.0,0.0,0.0,0.0,0.0,0.0,0.0,0.0,0.0,0.0,0.0,0.0,0.0,0.0,0.0,0.0,0.0,0.0,0.0,0.0,0.0,0.0,0.0,0.0,0.0,0.0,0.0,0.0,-3.959999999999999,-3.8866666666666645,-3.7000000000000024,-4.08000000000001,-6.00000000000001,-3.4066666666666743,,,,-2.520000000000001,-2.506666666666666,-2.6799999999999997,-4.246666666666668,-4.29333333333335,-4.926666666666681,-1.593333333333335,-1.520000000000001,-1.3666666666666667,-3.0400000000000014,-3.2866666666666675,-3.2733333333333343
2010-01-01 05:45:00,0.0,0.0,night,-3.9933333333333327,0.0,0.0,night,-4.47333333333334,0.0,0.0,night,,0.0,0.0,night,-3.086666666666668,0.0,0.0,night,-4.373333333333332,0.0,0.0,night,-1.5000000000000007,0.0,0.0,night,-3.1733333333333364,0.0,0.0,0.0,0.0,0.0,0.0,0.0,0.0,0.0,0.0,0.0,0.0,0.0,0.0,0.0,0.0,0.0,0.0,0.0,0.0,0.0,0.0,0.0,0.0,0.0,0.0,0.0,0.0,0.0,0.0,0.0,0.0,0.0,0.0,0.0,0.0,0.0,0.0,0.0,0.0,0.0,0.0,-4.133333333333335,-3.8933333333333313,-3.7000000000000024,-3.540000000000011,-3.0666666666666758,-3.460000000000009,,,,-2.253333333333333,-2.093333333333333,-2.5133333333333328,-4.220000000000002,-4.333333333333348,-4.953333333333347,-1.573333333333335,-1.646666666666668,-1.4600000000000006,-2.8999999999999995,-3.4466666666666668,-3.053333333333335
2010-01-01 06:00:00,0.0,0.0,night,-4.046666666666667,0.0,0.0,night,-4.286666666666675,0.0,0.0,night,,0.0,0.0,night,-3.1533333333333355,0.0,0.0,night,-4.24,0.0,0.0,night,-1.573333333333335,0.0,0.0,night,-3.140000000000002,0.0,0.0,0.0,0.0,0.0,0.0,0.0,0.0,0.0,0.0,0.0,0.0,0.0,0.0,0.0,0.0,0.0,0.0,0.0,0.0,0.0,0.0,0.0,0.0,0.0,0.0,0.0,0.0,0.0,0.0,0.0,0.0,0.0,0.0,0.0,0.0,0.0,0.0,0.0,0.0,0.0,0.0,-4.0600000000000005,-3.926666666666665,-3.7000000000000024,-2.6866666666666763,-2.7133333333333423,-2.9333333333333402,,,,-2.1399999999999997,-1.9333333333333331,-2.4666666666666655,-4.260000000000002,-4.306666666666683,-5.080000000000012,-1.600000000000002,-1.6666666666666674,-1.5800000000000018,-3.046666666666668,-3.553333333333335,-3.1600000000000006
2010-01-01 06:15:00,0.0,0.0,night,-3.986666666666666,0.0,0.0,night,-4.5600000000000085,0.0,0.0,night,,0.0,0.0,night,-2.8400000000000007,0.0,0.0,night,-4.326666666666666,0.0,0.0,night,-1.5333333333333345,0.0,0.0,night,-3.0800000000000023,0.0,0.0,0.0,0.0,0.0,0.0,0.0,0.0,0.0,0.0,0.0,0.0,0.0,0.0,0.0,0.0,0.0,0.0,0.0,0.0,0.0,0.0,0.0,0.0,0.0,0.0,0.0,0.0,0.0,0.0,0.0,0.0,0.0,0.0,0.0,0.0,0.0,0.0,0.0,0.0,0.0,0.0,-3.9533333333333323,-3.8866666666666645,-3.7000000000000024,-2.726666666666676,-3.026666666666675,-3.240000000000006,,,,-1.833333333333333,-2.4200000000000004,-2.539999999999999,-4.386666666666671,-4.27333333333335,-5.0733333333333475,-1.6600000000000008,-1.720000000000001,-1.4533333333333338,-3.046666666666668,-3.386666666666666,-3.113333333333335
2010-01-01 06:30:00,0.0,0.0,night,-3.959999999999999,0.0,0.0,night,-4.08000000000001,0.0,0.0,night,,0.0,0.0,night,-2.520000000000001,0.0,0.0,night,-4.246666666666668,0.0,0.0,night,-1.593333333333335,0.0,0.0,night,-3.0400000000000014,0.0,0.0,0.0,0.0,0.0,0.0,0.0,0.0,0.0,0.0,0.0,0.0,0.0,0.0,0.0,0.0,0.0,0.0,0.0,0.0,0.0,0.0,0.0,0.0,0.0,0.0,0.0,0.0,0.0,0.0,0.0,0.0,0.0,0.0,0.0,0.0,0.0,0.0,0.0,0.0,0.0,0.0,-3.986666666666666,-3.7933333333333303,-3.7066666666666688,-2.1266666666666767,-3.8200000000000087,-3.5733333333333417,,,,-1.8999999999999997,-2.3933333333333326,-2.7666666666666644,-4.366666666666673,-4.13333333333335,-5.200000000000015,-1.6333333333333349,-1.7333333333333338,-0.9333333333333341,-3.0066666666666677,-3.1666666666666687,-3.0333333333333345
2010-01-01 06:45:00,0.0,0.0,night,-4.133333333333335,0.0,0.0,night,-3.540000000000011,0.0,0.0,night,,0.0,0.0,night,-2.253333333333333,0.0,0.0,night,-4.220000000000002,0.0,0.0,night,-1.573333333333335,0.0,0.0,night,-2.8999999999999995,0.0,0.0,0.0,0.0,0.0,0.0,0.0,0.0,0.0,0.0,0.0,0.0,0.0,0.0,0.0,0.0,0.0,1.0,0.0,0.0,0.0,0.0,0.0,0.0,0.0,0.0,0.0,0.0,0.0,0.0,0.0,0.0,0.0,0.0,0.0,0.0,0.0,0.0,1.779536239632208,0.0,0.0,0.0,-4.0600000000000005,-3.799999999999997,-3.7066666666666688,-2.8866666666666765,-3.5933333333333417,-3.200000000000008,,,,-2.1133333333333337,-2.9266666666666663,-2.64,-4.333333333333343,-4.253333333333349,-5.206666666666682,-1.6066666666666687,-1.7933333333333346,1.8999999999999992,-2.980000000000001,-2.973333333333334,-3.2133333333333334
2010-01-01 07:00:00,0.0,0.0,night,-4.0600000000000005,0.0,0.0,night,-2.6866666666666763,0.0,0.0,night,,0.0,0.0,night,-2.1399999999999997,0.0,0.0,night,-4.260000000000002,0.0,0.0,night,-1.600000000000002,0.0,0.0,night,-3.046666666666668,0.0,0.0,0.0,0.0,0.0,0.0,0.0,0.0,0.0,0.0,0.0,0.0,0.0,0.0,0.0,0.0,0.0,1.0,0.0,0.0,0.0,0.0,0.0,0.0,0.0,0.0,0.0,0.0,0.0,0.0,0.0,0.0,0.0,0.0,0.0,0.0,0.0,0.0,17.555968625758425,0.0,0.0,0.0,-3.986666666666666,-3.8066666666666635,-3.5800000000000014,-3.3400000000000096,-2.746666666666676,-3.9266666666666747,,,,-2.426666666666665,-2.6599999999999993,-2.653333333333332,-4.300000000000013,-4.686666666666683,-4.213333333333346,-1.5933333333333353,-1.806666666666668,9.213333333333331,-2.8733333333333326,-3.2066666666666666,-3.133333333333335
2010-01-01 07:15:00,0.0,0.0,night,-3.9533333333333323,0.0,0.0,night,-2.726666666666676,0.0,0.0,night,,0.0,0.0,night,-1.833333333333333,0.0,0.0,night,-4.386666666666671,0.0,0.0,night,-1.6600000000000008,0.0,0.0,night,-3.046666666666668,0.0,0.0,0.0,0.0,0.0,0.0,0.0,0.0,0.0,0.0,0.0,0.0,0.0,0.0,1.0,0.0,0.0,1.0,0.0,0.0,0.0,0.0,0.0,0.0,0.0,0.0,0.0,0.0,0.0,0.0,0.0,0.0,0.0,0.0,0.0,1.4624006257818845,0.0,0.0,47.37181974667628,0.0,0.0,0.0,-3.899999999999998,-3.873333333333331,-1.4666666666666661,-3.24000000000001,-3.7866666666666746,-3.1333333333333404,,,,-2.4066666666666667,-2.1799999999999997,-2.6266666666666674,-4.220000000000016,-4.6000000000000165,1.6999999999999877,-1.6133333333333353,-1.6466666666666678,22.226666666666667,-2.9466666666666668,-3.2600000000000002,-3.386666666666667
2010-01-01 07:30:00,0.0,0.0,night,-3.986666666666666,0.0,0.0,night,-2.1266666666666767,0.0,0.0,night,,0.0,0.0,night,-1.8999999999999997,0.0,0.0,night,-4.366666666666673,0.0,0.0,night,-1.6333333333333349,0.0,0.0,night,-3.0066666666666677,0.0,0.0,1.0,0.0,0.0,0.0,0.0,0.0,0.0,0.0,0.0,0.0,0.0,0.0,1.0,0.0,0.0,1.0,0.0,0.0,0.0,0.0,0.0,5.523045770208949,0.0,0.0,0.0,0.0,0.0,0.0,0.0,0.0,0.0,0.0,0.0,17.34643812019895,0.0,0.0,83.95954100088545,0.0,0.0,0.0,-3.8866666666666645,-3.819999999999997,5.013333333333334,-6.00000000000001,-4.540000000000008,-3.6733333333333404,,,,-2.506666666666666,-2.3599999999999994,-2.353333333333332,-4.29333333333335,-4.433333333333349,11.499999999999988,-1.520000000000001,-1.640000000000001,35.78666666666667,-3.2866666666666675,-3.126666666666669,-3.44
2010-01-01 07:45:00,0.0,0.0,night,-4.0600000000000005,0.0,0.0,night,-2.8866666666666765,0.0,0.0,night,,0.0,0.0,night,-2.1133333333333337,0.0,0.0,night,-4.333333333333343,0.0,0.0,night,-1.6066666666666687,0.0,0.0,night,-2.980000000000001,0.0,0.0,1.0,0.0,0.0,0.0,0.0,0.0,0.0,0.0,0.0,0.0,0.0,0.0,1.0,0.0,0.0,1.0,0.0,0.0,0.0,0.0,0.0,27.658028287845738,0.0,0.0,0.0,0.0,0.0,0.0,0.0,0.0,0.0,0.0,0.0,49.451208868425304,0.0,0.0,122.95682511082698,0.0,0.0,0.0,-3.8933333333333313,-3.759999999999999,15.899999999999997,-3.0666666666666758,-3.1333333333333413,-3.9666666666666734,,,,-2.093333333333333,-2.4533333333333323,-2.093333333333333,-4.333333333333348,-4.753333333333348,24.666666666666654,-1.646666666666668,-1.5600000000000016,39.77333333333334,-3.4466666666666668,-3.026666666666668,-3.08
2010-01-01 08:00:00,0.0,0.0,night,-3.986666666666666,0.0,0.0,night,-3.3400000000000096,0.0,0.0,night,,0.0,0.0,night,-2.426666666666665,0.0,0.0,night,-4.300000000000013,0.0,0.0,night,-1.5933333333333353,0.0,0.0,night,-2.8733333333333326,0.0,0.0,1.0,0.0,0.0,0.0,0.0,0.0,0.0,0.0,0.0,0.0,0.0,0.0,1.0,0.0,0.0,1.0,0.0,0.0,0.0,0.0,0.0,61.18461139925192,0.0,0.0,0.0,0.0,0.0,0.0,0.0,0.0,0.0,0.0,0.0,89.77932919714357,0.0,0.0,162.1679305125048,0.0,0.0,0.0,-3.926666666666665,-3.720000000000001,29.10666666666667,-2.7133333333333423,-3.0866666666666744,-3.946666666666675,,,,-1.9333333333333331,-2.393333333333333,-2.5533333333333332,-4.306666666666683,-4.453333333333348,43.61999999999997,-1.6666666666666674,-1.740000000000001,32.166666666666664,-3.553333333333335,-3.460000000000001,-1.2000000000000013
2010-01-01 08:15:00,0.0,0.0,night,-3.899999999999998,0.0,0.0,night,-3.24000000000001,0.0,0.0,night,,0.0,0.0,night,-2.4066666666666667,0.0,0.0,night,-4.220000000000016,0.0,0.0,night,-1.6133333333333353,0.0,0.0,night,-2.9466666666666668,0.0,0.0,1.0,0.0,0.0,0.0,0.0,0.0,0.0,0.0,0.0,0.0,0.0,0.0,1.0,0.0,0.0,1.0,0.0,0.0,1.0,0.0,0.0,99.5519589047492,0.0,0.0,0.0,0.0,0.0,0.0,0.0,0.0,0.0,0.0,0.0,133.3533391536145,0.0,0.0,200.40490838449753,0.0,0.0,3.5847338227389334,-3.8866666666666645,-3.7066666666666688,91.82666666666667,-3.026666666666675,-2.6866666666666745,-2.9533333333333402,,,,-2.4200000000000004,-2.7599999999999976,-2.5133333333333328,-4.27333333333335,-4.540000000000016,61.21999999999999,-1.720000000000001,-1.8200000000000005,36.953333333333326,-3.386666666666666,-3.560000000000002,4.586666666666665
2010-01-01 08:30:00,0.0,0.0,night,-3.8866666666666645,0.0,0.0,night,-6.00000000000001,0.0,0.0,night,,0.0,0.0,night,-2.506666666666666,0.0,0.0,night,-4.29333333333335,0.0,0.0,night,-1.520000000000001,0.0,0.0,night,-3.2866666666666675,0.0,0.0,1.0,0.0,0.0,1.0,0.0,0.0,0.0,0.0,0.0,0.0,0.0,0.0,1.0,0.0,0.0,1.0,0.0,0.0,1.0,0.0,0.0,139.34679407346195,0.0,0.0,0.6427787302240023,0.0,0.0,0.0,0.0,0.0,0.0,0.0,0.0,177.65094778182606,0.0,0.0,236.95194060722812,0.0,0.0,20.12455326427395,-3.7933333333333303,-3.7000000000000024,130.97333333333333,-3.8200000000000087,-3.4066666666666743,3.5999999999999934,,,,-2.3933333333333326,-2.6799999999999997,-2.3666666666666663,-4.13333333333335,-4.926666666666681,97.01333333333335,-1.7333333333333338,-1.3666666666666667,48.51999999999998,-3.1666666666666687,-3.2733333333333343,17.11333333333333
2010-01-01 08:45:00,0.0,0.0,night,-3.8933333333333313,0.0,0.0,night,-3.0666666666666758,0.0,0.0,night,,0.0,0.0,night,-2.093333333333333,0.0,0.0,night,-4.333333333333348,0.0,0.0,night,-1.646666666666668,0.0,0.0,night,-3.4466666666666668,0.0,0.0,1.0,0.0,0.0,1.0,0.0,0.0,0.0,0.0,0.0,0.0,0.0,0.0,1.0,0.0,0.0,1.0,0.0,0.0,1.0,0.0,0.0,178.83785528943955,0.0,0.0,13.249082322594488,0.0,0.0,0.0,0.0,0.0,0.0,0.0,0.0,221.30069217618166,0.0,0.0,271.33237729465804,0.0,0.0,47.40138523094025,-3.799999999999997,-3.7000000000000024,172.11333333333332,-3.5933333333333417,-3.460000000000009,12.753333333333325,,,,-2.9266666666666663,-2.5133333333333328,0.5866666666666679,-4.253333333333349,-4.953333333333347,144.8266666666667,-1.7933333333333346,-1.4600000000000006,57.17999999999997,-2.973333333333334,-3.053333333333335,30.88666666666666
2010-01-01 09:00:00,0.0,0.0,night,-3.926666666666665,0.0,0.0,night,-2.7133333333333423,0.0,0.0,night,,0.0,0.0,night,-1.9333333333333331,0.0,0.0,night,-4.306666666666683,0.0,0.0,night,-1.6666666666666674,0.0,0.0,night,-3.553333333333335,0.0,0.0,1.0,0.0,0.0,1.0,0.0,0.0,1.0,0.0,0.0,1.0,0.0,0.0,1.0,0.0,0.0,1.0,0.0,0.0,1.0,0.0,0.0,217.05539720935997,0.0,0.0,42.4125111956235,0.0,0.0,0.1632495145839753,0.0,0.0,0.6613984964696973,0.0,0.0,263.47177308746194,0.0,0.0,303.20220981792875,0.0,0.0,79.95570664015119,-3.8066666666666635,-3.7000000000000024,211.87333333333336,-2.746666666666676,-2.9333333333333402,45.479999999999976,,,,-2.6599999999999993,-2.4666666666666655,3.220000000000001,-4.686666666666683,-5.080000000000012,206.8466666666667,-1.806666666666668,-1.5800000000000018,76.07333333333332,-3.2066666666666666,-3.1600000000000006,47.94666666666665
2010-01-01 09:15:00,0.0,0.0,night,-3.8866666666666645,0.0,0.0,night,-3.026666666666675,0.0,0.0,night,,0.0,0.0,night,-2.4200000000000004,0.0,0.0,night,-4.27333333333335,0.0,0.0,night,-1.720000000000001,0.0,0.0,night,-3.386666666666666,0.0,0.0,1.0,0.0,0.0,1.0,0.0,0.0,1.0,0.0,0.0,1.0,0.0,0.0,1.0,0.0,0.0,1.0,0.0,0.0,1.0,0.0,0.0,253.39281641644686,0.0,0.0,80.51843553618369,0.0,0.0,10.876709097661156,0.0,0.0,8.754930089202437,0.0,0.0,303.6076730035027,0.0,0.0,332.29812085479085,0.0,0.0,114.41626121027399,-3.873333333333331,-3.7000000000000024,251.2333333333333,-3.7866666666666746,-3.240000000000006,85.78666666666665,,,,-2.1799999999999997,-2.539999999999999,10.713333333333336,-4.6000000000000165,-5.0733333333333475,271.1866666666666,-1.6466666666666678,-1.4533333333333338,87.05333333333331,-3.2600000000000002,-3.113333333333335,109.81999999999998
2010-01-01 09:30:00,0.0,0.0,night,-3.7933333333333303,0.0,0.0,night,-3.8200000000000087,0.0,0.0,night,,0.0,0.0,night,-2.3933333333333326,0.0,0.0,night,-4.13333333333335,0.0,0.0,night,-1.7333333333333338,0.0,0.0,night,-3.1666666666666687,0.0,0.0,1.0,0.0,0.0,1.0,0.0,0.0,1.0,0.0,0.0,1.0,0.0,0.0,1.0,0.0,0.0,1.0,0.0,0.0,1.0,0.0,0.0,287.4325918991783,0.0,0.0,122.15709764117757,0.0,0.0,40.49288243991029,0.0,0.0,27.227946224380382,0.0,0.0,341.30385207566593,0.0,0.0,358.4105805622798,0.0,0.0,148.93471961264476,-3.819999999999997,-3.7066666666666688,288.8133333333333,-4.540000000000008,-3.5733333333333417,127.56666666666665,,,,-2.3599999999999994,-2.7666666666666644,31.786666666666665,-4.433333333333349,-5.200000000000015,378.9466666666667,-1.640000000000001,-0.9333333333333341,114.82000000000001,-3.126666666666669,-3.0333333333333345,147.1266666666666
2010-01-01 09:45:00,0.0,0.0,night,-3.799999999999997,0.0,0.0,night,-3.5933333333333417,0.0,0.0,night,,0.0,0.0,night,-2.9266666666666663,0.0,0.0,night,-4.253333333333349,0.0,0.0,night,-1.7933333333333346,0.0,0.0,night,-2.973333333333334,0.0,0.0,1.0,0.0,0.0,1.0,0.0,0.0,1.0,0.0,0.0,1.0,0.0,0.0,1.0,0.0,1.0,1.0,0.0,0.0,1.0,0.0,0.0,318.86530734576223,0.0,0.0,164.55320953946787,0.0,0.0,80.65294874729477,0.0,0.0,52.22912562614503,0.0,0.0,376.24782663307025,0.0,1.779536239632208,381.3691993961064,0.0,0.0,182.4422703963357,-3.759999999999999,-3.7066666666666688,324.0199999999998,-3.1333333333333413,-3.200000000000008,170.47333333333336,,,,-2.4533333333333323,-2.64,65.09333333333333,-4.753333333333348,-5.206666666666682,351.46,-1.5600000000000016,1.8999999999999992,177.87999999999997,-3.026666666666668,-3.2133333333333334,198.27999999999986
2010-01-01 10:00:00,0.0,0.0,night,-3.8066666666666635,0.0,0.0,night,-2.746666666666676,0.0,0.0,night,,0.0,0.0,night,-2.6599999999999993,0.0,0.0,night,-4.686666666666683,0.0,0.0,night,-1.806666666666668,0.0,0.0,night,-3.2066666666666666,0.0,0.0,1.0,0.0,0.0,1.0,0.0,0.0,1.0,0.0,0.0,1.0,0.0,0.0,1.0,0.0,1.0,1.0,0.0,0.0,1.0,0.0,0.0,347.44944473390495,0.0,0.0,206.21854596804744,0.0,0.0,124.96127831062127,0.0,0.0,80.15023089256515,0.0,0.0,408.18801955553675,0.0,17.555968625758425,401.03442997694106,0.0,0.0,214.2676231544217,-3.720000000000001,-3.5800000000000014,356.2733333333333,-3.0866666666666744,-3.9266666666666747,210.6066666666667,,,,-2.393333333333333,-2.653333333333332,94.08666666666667,-4.453333333333348,-4.213333333333346,427.3,-1.740000000000001,9.213333333333331,134.84666666666658,-3.460000000000001,-3.133333333333335,233.06
2010-01-01 10:15:00,0.0,0.0,night,-3.873333333333331,0.0,0.0,night,-3.7866666666666746,0.0,0.0,night,,0.0,0.0,night,-2.1799999999999997,0.0,0.0,night,-4.6000000000000165,0.0,0.0,night,-1.6466666666666678,0.0,0.0,night,-3.2600000000000002,0.0,0.0,1.0,0.0,0.0,1.0,0.0,0.0,1.0,0.0,0.0,1.0,0.0,1.0,1.0,0.0,1.0,1.0,0.0,0.0,1.0,0.0,0.0,372.99022825108636,0.0,0.0,246.27038467850755,0.0,0.0,170.29405066720173,0.0,0.0,108.80714243926307,0.0,1.4624006257818845,436.9167143778768,0.0,47.37181974667628,417.2927005480416,0.0,0.0,243.95476643869114,-3.7066666666666688,-1.4666666666666661,386.65999999999985,-2.6866666666666745,-3.1333333333333404,228.52666666666673,,,,-2.7599999999999976,-2.6266666666666674,125.87333333333336,-4.540000000000016,1.6999999999999877,379.23999999999995,-1.8200000000000005,22.226666666666667,150.69333333333324,-3.560000000000002,-3.386666666666667,265.7733333333333
2010-01-01 10:30:00,0.0,0.0,night,-3.819999999999997,0.0,0.0,night,-4.540000000000008,0.0,0.0,night,,0.0,0.0,night,-2.3599999999999994,0.0,0.0,night,-4.433333333333349,0.0,0.0,night,-1.640000000000001,0.0,0.0,night,-3.126666666666669,0.0,1.0,1.0,0.0,0.0,1.0,0.0,0.0,1.0,0.0,0.0,1.0,0.0,1.0,1.0,0.0,1.0,1.0,0.0,0.0,1.0,0.0,5.523045770208949,395.3279574099835,0.0,0.0,284.13066738254213,0.0,0.0,215.0496866158132,0.0,0.0,136.91893030181672,0.0,17.34643812019895,462.26034633846996,0.0,83.95954100088545,430.05350053576143,0.0,0.0,271.1733790685941,-3.7000000000000024,5.013333333333334,412.90666666666664,-3.4066666666666743,-3.6733333333333404,282.1066666666667,,,,-2.6799999999999997,-2.353333333333332,153.08,-4.926666666666681,11.499999999999988,457.08,-1.3666666666666667,35.78666666666667,164.55333333333323,-3.2733333333333343,-3.44,297.3466666666667
2010-01-01 10:45:00,0.0,0.0,night,-3.759999999999999,0.0,0.0,night,-3.1333333333333413,0.0,0.0,night,,0.0,0.0,night,-2.4533333333333323,0.0,0.0,night,-4.753333333333348,0.0,0.0,night,-1.5600000000000016,0.0,0.0,night,-3.026666666666668,0.0,1.0,1.0,0.0,0.0,1.0,0.0,0.0,1.0,0.0,0.0,1.0,0.0,1.0,1.0,0.0,1.0,1.0,0.0,0.0,1.0,0.0,27.658028287845738,414.33133391921916,0.0,0.0,319.3883881417191,0.0,0.0,258.3051472781676,0.0,0.0,163.69539821954584,0.0,49.451208868425304,484.0738035408156,0.0,122.95682511082698,439.2476170166884,0.0,0.0,295.67258659155857,-3.7000000000000024,15.899999999999997,435.0466666666667,-3.460000000000009,-3.9666666666666734,317.0133333333335,,,,-2.5133333333333328,-2.093333333333333,173.95333333333338,-4.953333333333347,24.666666666666654,493.83999999999986,-1.4600000000000006,39.77333333333334,194.9533333333332,-3.053333333333335,-3.08,326.91333333333336
2010-01-01 11:00:00,0.0,0.0,night,-3.720000000000001,0.0,0.0,night,-3.0866666666666744,0.0,0.0,night,,0.0,0.0,night,-2.393333333333333,0.0,0.0,night,-4.453333333333348,0.0,0.0,night,-1.740000000000001,0.0,0.0,night,-3.460000000000001,0.0,1.0,1.0,0.0,0.0,1.0,0.0,0.0,1.0,0.0,0.0,1.0,0.0,1.0,1.0,0.0,1.0,1.0,0.0,0.0,1.0,0.0,61.18461139925192,429.89352027457517,0.0,0.0,351.7326442860121,0.0,0.0,299.4644049585898,0.0,0.0,188.6165506155819,0.0,89.77932919714357,502.23698713568837,0.0,162.1679305125048,444.8260604343297,0.0,0.0,317.25589418348784,-3.7000000000000024,29.10666666666667,452.68666666666667,-2.9333333333333402,-3.946666666666675,351.5933333333335,,,,-2.4666666666666655,-2.5533333333333332,194.98666666666668,-5.080000000000012,43.61999999999997,528.5866666666667,-1.5800000000000018,32.166666666666664,150.0599999999999,-3.1600000000000006,-1.2000000000000013,352.74666666666667
2010-01-01 11:15:00,0.0,0.0,night,-3.7066666666666688,0.0,0.0,night,-2.6866666666666745,0.0,0.0,night,,0.0,0.0,night,-2.7599999999999976,0.0,0.0,night,-4.540000000000016,0.0,0.0,night,-1.8200000000000005,0.0,0.0,night,-3.560000000000002,0.0,1.0,1.0,0.0,0.0,1.0,0.0,0.0,1.0,0.0,0.0,1.0,0.0,1.0,1.0,0.0,1.0,1.0,0.0,1.0,1.0,0.0,99.5519589047492,441.92977108614303,0.0,0.0,380.9180797479977,0.0,0.0,338.1048145903242,0.0,0.0,211.31946675388497,0.0,133.3533391536145,516.6527089096869,0.0,200.40490838449753,446.759434778036,0.0,3.5847338227389334,335.767014743497,-3.7000000000000024,91.82666666666667,472.9799999999999,-3.240000000000006,-2.9533333333333402,383.79333333333346,,,,-2.539999999999999,-2.5133333333333328,216.80666666666667,-5.0733333333333475,61.21999999999999,437.3,-1.4533333333333338,36.953333333333326,291.0399999999999,-3.113333333333335,4.586666666666665,377.0666666666667
2010-01-01 11:30:00,0.0,0.0,night,-3.7000000000000024,0.0,0.0,night,-3.4066666666666743,0.0,0.0,night,,0.0,0.0,night,-2.6799999999999997,0.0,0.0,night,-4.926666666666681,0.0,0.0,night,-1.3666666666666667,0.0,0.0,night,-3.2733333333333343,0.0,1.0,1.0,0.0,1.0,1.0,0.0,0.0,1.0,0.0,0.0,1.0,0.0,1.0,1.0,0.0,1.0,1.0,0.0,1.0,1.0,0.0,139.34679407346195,450.3760004673839,0.0,0.6427787302240023,406.74612322602053,0.0,0.0,373.90499299026266,0.0,0.0,231.53887327009664,0.0,177.65094778182606,527.2454024166725,0.0,236.95194060722812,445.03760759866805,0.0,20.12455326427395,351.08157811881955,-3.7066666666666688,130.97333333333333,466.5733333333332,-3.5733333333333417,3.5999999999999934,415.8600000000002,,,,-2.7666666666666644,-2.3666666666666663,235.52,-5.200000000000015,97.01333333333335,525.8133333333333,-0.9333333333333341,48.51999999999998,364.86666666666656,-3.0333333333333345,17.11333333333333,396.8999999999999
2010-01-01 11:45:00,0.0,0.0,night,-3.7000000000000024,0.0,0.0,night,-3.460000000000009,0.0,0.0,night,,0.0,0.0,night,-2.5133333333333328,0.0,0.0,night,-4.953333333333347,0.0,0.0,night,-1.4600000000000006,0.0,0.0,night,-3.053333333333335,0.0,1.0,1.0,0.0,1.0,1.0,0.0,0.0,1.0,0.0,0.0,1.0,0.0,1.0,1.0,1.0,1.0,1.0,0.0,1.0,1.0,0.0,178.83785528943955,455.18791296613404,0.0,13.249082322594488,429.05434810430904,0.0,0.0,406.6086073278802,0.0,0.0,249.07469985032566,0.0,221.30069217618166,533.960326909056,1.779536239632208,271.33237729465804,439.6696019782214,0.0,47.40138523094025,363.1021378453953,-3.7066666666666688,172.11333333333332,462.7133333333333,-3.200000000000008,12.753333333333325,440.5133333333334,,,,-2.64,0.5866666666666679,255.4133333333334,-5.206666666666682,144.8266666666667,442.4199999999999,1.8999999999999992,57.17999999999997,286.91333333333307,-3.2133333333333334,30.88666666666666,412.60666666666657
2010-01-01 12:00:00,0.0,0.0,night,-3.7000000000000024,0.0,0.0,night,-2.9333333333333402,0.0,0.0,night,,0.0,0.0,night,-2.4666666666666655,0.0,0.0,night,-5.080000000000012,0.0,0.0,night,-1.5800000000000018,0.0,0.0,night,-3.1600000000000006,0.0,1.0,1.0,0.0,1.0,1.0,0.0,1.0,1.0,0.0,1.0,1.0,0.0,1.0,1.0,1.0,1.0,1.0,0.0,1.0,1.0,0.0,217.05539720935997,456.34050247702675,0.0,42.4125111956235,447.71024047166236,0.0,0.1632495145839753,436.0051483769472,0.0,0.6613984964696973,263.7736846101522,0.0,263.47177308746194,536.7630948829587,17.555968625758425,303.20220981792875,430.68369306451626,0.0,79.95570664015119,371.75511881979116,-3.5800000000000014,211.87333333333336,480.42666666666656,-3.9266666666666747,45.479999999999976,480.7466666666667,,,,-2.653333333333332,3.220000000000001,273.38000000000005,-4.213333333333346,206.8466666666667,564.0733333333334,9.213333333333331,76.07333333333332,238.8866666666665,-3.133333333333335,47.94666666666665,424.01333333333343
2010-01-01 12:15:00,0.0,0.0,night,-3.7000000000000024,0.0,0.0,night,-3.240000000000006,0.0,0.0,night,,0.0,0.0,night,-2.539999999999999,0.0,0.0,night,-5.0733333333333475,0.0,0.0,night,-1.4533333333333338,0.0,0.0,night,-3.113333333333335,0.0,1.0,1.0,0.0,1.0,1.0,0.0,1.0,1.0,0.0,1.0,1.0,1.0,1.0,1.0,1.0,1.0,1.0,0.0,1.0,1.0,0.0,253.39281641644686,453.8278028421541,0.0,80.51843553618369,462.60746449290747,0.0,10.876709097661156,461.9192596957447,0.0,8.754930089202437,275.51860355235897,1.4624006257818845,303.6076730035027,535.6394169982276,47.37181974667628,332.29812085479085,418.1277240355642,0.0,114.41626121027399,376.98895241627247,-1.4666666666666661,251.2333333333333,483.73333333333323,-3.1333333333333404,85.78666666666665,456.9400000000001,,,,-2.6266666666666674,10.713333333333336,287.26,1.6999999999999877,271.1866666666666,556.9133333333334,22.226666666666667,87.05333333333331,179.3066666666666,-3.386666666666667,109.81999999999998,431.89333333333343
2010-01-01 12:30:00,0.0,0.0,night,-3.7066666666666688,0.0,0.0,night,-3.5733333333333417,0.0,0.0,night,,0.0,0.0,night,-2.7666666666666644,0.0,0.0,night,-5.200000000000015,0.0,0.0,night,-0.9333333333333341,0.0,0.0,night,-3.0333333333333345,1.0,1.0,1.0,0.0,1.0,1.0,0.0,1.0,1.0,0.0,1.0,1.0,1.0,1.0,1.0,1.0,1.0,1.0,0.0,1.0,1.0,5.523045770208949,287.4325918991783,447.6628300760704,0.0,122.15709764117757,473.6635774877669,0.0,40.49288243991029,484.2045858773091,0.0,27.227946224380382,284.22180015929393,17.34643812019895,341.30385207566593,530.5950023115955,83.95954100088545,358.4105805622798,402.06971591967357,0.0,148.93471961264476,378.77296427548873,5.013333333333334,288.8133333333333,414.19333333333327,-3.6733333333333404,127.56666666666665,451.64000000000016,,,,-2.353333333333332,31.786666666666665,298.9133333333331,11.499999999999988,378.9466666666667,555.8000000000001,35.78666666666667,114.82000000000001,141.32666666666663,-3.44,147.1266666666666,435.86000000000007
2010-01-01 12:45:00,0.0,0.0,night,-3.7066666666666688,0.0,0.0,night,-3.200000000000008,0.0,0.0,night,,0.0,0.0,night,-2.64,0.0,0.0,night,-5.206666666666682,1.0,1.779536239632208,cloudy,1.8999999999999992,0.0,0.0,night,-3.2133333333333334,1.0,1.0,1.0,0.0,1.0,1.0,0.0,1.0,1.0,0.0,1.0,1.0,1.0,1.0,1.0,1.0,1.0,1.0,0.0,1.0,1.0,27.658028287845738,318.86530734576223,437.87770926323793,0.0,164.55320953946787,480.8186340422426,0.0,80.65294874729477,502.74013847225416,0.0,52.22912562614503,289.82126122227476,49.451208868425304,376.24782663307025,521.6555988710111,122.95682511082698,381.3691993961064,382.5989110449287,0.0,182.4422703963357,377.09678620912996,15.899999999999997,324.0199999999998,338.1933333333332,-3.9666666666666734,170.47333333333336,451.20000000000005,,,,-2.093333333333333,65.09333333333333,307.1933333333331,24.666666666666654,351.46,548.9333333333337,39.77333333333334,177.87999999999997,189.11333333333323,-3.08,198.27999999999986,434.7466666666668
2010-01-01 13:00:00,0.0,0.0,night,-3.5800000000000014,0.0,0.0,night,-3.9266666666666747,0.0,0.0,night,,0.0,0.0,night,-2.653333333333332,0.0,0.0,night,-4.213333333333346,1.0,17.555968625758425,variable,9.213333333333331,0.0,0.0,night,-3.133333333333335,1.0,1.0,1.0,0.0,1.0,1.0,0.0,1.0,1.0,0.0,1.0,1.0,1.0,1.0,1.0,1.0,1.0,1.0,0.0,1.0,1.0,61.18461139925192,347.44944473390495,424.52400778850904,0.0,206.21854596804744,484.03435291577404,0.0,124.96127831062127,517.4281178550484,0.0,80.15023089256515,292.27827461689856,89.77932919714357,408.18801955553675,508.86717722114093,162.1679305125048,401.03442997694106,359.8274868010552,0.0,214.2676231544217,371.9701692474239,29.10666666666667,356.2733333333333,481.0466666666667,-3.946666666666675,210.6066666666667,450.4800000000001,,,,-2.5533333333333332,94.08666666666667,311.4933333333331,43.61999999999997,427.3,537.466666666667,32.166666666666664,134.84666666666658,137.01333333333326,-1.2000000000000013,233.06,428.5333333333335
2010-01-01 13:15:00,0.0,0.0,night,-1.4666666666666661,0.0,0.0,night,-3.1333333333333404,0.0,0.0,night,,0.0,0.0,night,-2.6266666666666674,1.0,1.4624006257818845,cloudy,1.6999999999999877,1.0,47.37181974667628,slightly cloudy,22.226666666666667,0.0,0.0,night,-3.386666666666667,1.0,1.0,1.0,0.0,1.0,1.0,0.0,1.0,1.0,0.0,1.0,1.0,1.0,1.0,1.0,1.0,1.0,1.0,1.0,1.0,1.0,99.5519589047492,372.99022825108636,407.6733552691997,0.0,246.27038467850755,483.29365165568515,0.0,170.29405066720173,528.1925846654575,0.0,108.80714243926307,291.57613219611045,133.3533391536145,436.9167143778768,492.29630146678704,200.40490838449753,417.2927005480416,333.8933865777249,3.5847338227389334,243.95476643869114,363.42315890682795,91.82666666666667,386.65999999999985,437.0133333333332,-2.9533333333333402,228.52666666666673,485.24666666666684,,,,-2.5133333333333328,125.87333333333336,325.2666666666664,61.21999999999999,379.23999999999995,525.3933333333338,36.953333333333326,150.69333333333324,76.02666666666659,4.586666666666665,265.7733333333333,419.60000000000014
2010-01-01 13:30:00,1.0,5.523045770208949,variable,5.013333333333334,0.0,0.0,night,-3.6733333333333404,0.0,0.0,night,,0.0,0.0,night,-2.353333333333332,1.0,17.34643812019895,variable,11.499999999999988,1.0,83.95954100088545,cloudy,35.78666666666667,0.0,0.0,night,-3.44,1.0,1.0,1.0,1.0,1.0,1.0,0.0,1.0,1.0,0.0,1.0,1.0,1.0,1.0,1.0,1.0,1.0,1.0,1.0,1.0,1.0,139.34679407346195,395.3279574099835,387.41849458968375,0.6427787302240023,284.13066738254213,478.6004575749098,0.0,215.0496866158132,534.9786585722258,0.0,136.91893030181672,287.7196093334943,177.65094778182606,462.26034633846996,472.03077177057514,236.95194060722812,430.05350053576143,304.9650417442141,20.12455326427395,271.1733790685941,351.5066720129682,130.97333333333333,412.90666666666664,395.29999999999995,3.5999999999999934,282.1066666666667,478.78000000000003,,,,-2.3666666666666663,153.08,243.55333333333314,97.01333333333335,457.08,501.88000000000034,48.51999999999998,164.55333333333323,101.76666666666657,17.11333333333333,297.3466666666667,406.51333333333343
2010-01-01 13:45:00,1.0,27.658028287845738,variable,15.899999999999997,0.0,0.0,night,-3.9666666666666734,0.0,0.0,night,,0.0,0.0,night,-2.093333333333333,1.0,49.451208868425304,slightly cloudy,24.666666666666654,1.0,122.95682511082698,cloudy,39.77333333333334,0.0,0.0,night,-3.08,1.0,1.0,1.0,1.0,1.0,1.0,0.0,1.0,1.0,0.0,1.0,1.0,1.0,1.0,1.0,1.0,1.0,1.0,1.0,1.0,1.0,178.83785528943955,414.33133391921916,363.8750066145572,13.249082322594488,319.3883881417191,469.9797506320424,0.0,258.3051472781676,537.7520504546129,0.0,163.69539821954584,280.7351108865594,221.30069217618166,484.0738035408156,448.1806714337953,271.33237729465804,439.2476170166884,273.24940991468605,47.40138523094025,295.67258659155857,336.2935854461657,172.11333333333332,435.0466666666667,381.39333333333326,12.753333333333325,317.0133333333335,441.6000000000001,,,,0.5866666666666679,173.95333333333338,214.9533333333331,144.8266666666667,493.83999999999986,476.90000000000043,57.17999999999997,194.9533333333332,52.286666666666534,30.88666666666666,326.91333333333336,388.1933333333334
2010-01-01 14:00:00,1.0,61.18461139925192,variable,29.10666666666667,0.0,0.0,night,-3.946666666666675,0.0,0.0,night,,0.0,0.0,night,-2.5533333333333332,1.0,89.77932919714357,cloudy,43.61999999999997,1.0,162.1679305125048,cloudy,32.166666666666664,0.0,0.0,night,-1.2000000000000013,1.0,1.0,1.0,1.0,1.0,1.0,1.0,1.0,1.0,1.0,1.0,1.0,1.0,1.0,1.0,1.0,1.0,1.0,1.0,1.0,1.0,217.05539720935997,429.89352027457517,337.18416652965624,42.4125111956235,351.7326442860121,457.4778478314916,0.1632495145839753,299.4644049585898,536.4988074866925,0.6613984964696973,188.6165506155819,270.67151381749386,263.47177308746194,502.23698713568837,420.88007588816276,303.20220981792875,444.8260604343297,239.0061339007635,79.95570664015119,317.25589418348784,317.88057606977196,211.87333333333336,452.68666666666667,361.3799999999999,45.479999999999976,351.5933333333335,476.9866666666668,,,,3.220000000000001,194.98666666666668,201.8866666666665,206.8466666666667,528.5866666666667,451.23333333333375,76.07333333333332,150.0599999999999,81.87999999999985,47.94666666666665,352.74666666666667,365.3800000000001
2010-01-01 14:15:00,1.0,99.5519589047492,slightly cloudy,91.82666666666667,0.0,0.0,night,-2.9533333333333402,0.0,0.0,night,,0.0,0.0,night,-2.5133333333333328,1.0,133.3533391536145,cloudy,61.21999999999999,1.0,200.40490838449753,cloudy,36.953333333333326,1.0,3.5847338227389334,cloudy,4.586666666666665,1.0,1.0,1.0,1.0,1.0,1.0,1.0,1.0,1.0,1.0,1.0,1.0,1.0,1.0,1.0,1.0,1.0,1.0,1.0,1.0,1.0,253.39281641644686,441.92977108614303,307.51772583903795,80.51843553618369,380.9180797479977,441.1629933184494,10.876709097661156,338.1048145903242,531.2252200084267,8.754930089202437,211.31946675388497,257.60188420877427,303.6076730035027,516.6527089096869,390.28983729661593,332.29812085479085,446.759434778036,202.57348016012796,114.41626121027399,335.767014743497,296.39112916024794,251.2333333333333,472.9799999999999,373.75333333333333,85.78666666666665,383.79333333333346,495.2400000000001,,,,10.713333333333336,216.80666666666667,195.60666666666648,271.1866666666666,437.3,422.96000000000043,87.05333333333331,291.0399999999999,65.11333333333316,109.81999999999998,377.0666666666667,338.6866666666668
2010-01-01 14:30:00,1.0,139.34679407346195,clear,130.97333333333333,1.0,0.6427787302240023,cloudy,3.5999999999999934,0.0,0.0,night,,0.0,0.0,night,-2.3666666666666663,1.0,177.65094778182606,variable,97.01333333333335,1.0,236.95194060722812,cloudy,48.51999999999998,1.0,20.12455326427395,variable,17.11333333333333,1.0,1.0,1.0,1.0,1.0,1.0,1.0,1.0,1.0,1.0,1.0,1.0,1.0,1.0,1.0,1.0,1.0,1.0,1.0,1.0,1.0,287.4325918991783,450.3760004673839,275.0860893931631,122.15709764117757,406.74612322602053,421.1263729836712,40.49288243991029,373.90499299026266,521.9578634966039,27.227946224380382,231.53887327009664,241.62643470076708,341.30385207566593,527.2454024166725,356.6021599722833,358.4105805622798,445.03760759866805,164.4182641842622,148.93471961264476,351.08157811881955,271.9804460605674,288.8133333333333,466.5733333333332,251.81999999999988,127.56666666666665,415.8600000000002,458.1800000000002,,,,31.786666666666665,235.52,160.37333333333316,378.9466666666667,525.8133333333333,388.33333333333377,114.82000000000001,364.86666666666656,77.00666666666649,147.1266666666666,396.8999999999999,312.26000000000005
2010-01-01 14:45:00,1.0,178.83785528943955,clear,172.11333333333332,1.0,13.249082322594488,variable,12.753333333333325,0.0,0.0,night,,0.0,0.0,night,0.5866666666666679,1.0,221.30069217618166,slightly cloudy,144.8266666666667,1.0,271.33237729465804,cloudy,57.17999999999997,1.0,47.40138523094025,slightly cloudy,30.88666666666666,1.0,1.0,1.0,1.0,1.0,1.0,1.0,1.0,1.0,1.0,1.0,1.0,1.0,1.0,1.0,1.0,1.0,1.0,1.0,1.0,1.0,318.86530734576223,455.18791296613404,240.15279478482987,164.55320953946787,429.05434810430904,397.48379410638626,80.65294874729477,406.6086073278802,508.7437865089366,52.22912562614503,249.07469985032566,222.87742309313393,376.24782663307025,533.960326909056,320.0483117711348,381.3691993961064,439.6696019782214,125.23785097484766,182.4422703963357,363.1021378453953,244.8436084663629,324.0199999999998,462.7133333333333,247.55999999999992,170.47333333333336,440.5133333333334,383.51333333333343,,,,65.09333333333333,255.4133333333334,332.13333333333316,351.46,442.4199999999999,351.40666666666704,177.87999999999997,286.91333333333307,55.01333333333317,198.27999999999986,412.60666666666657,282.3333333333333
2010-01-01 15:00:00,1.0,217.05539720935997,clear,211.87333333333336,1.0,42.4125111956235,cloudy,45.479999999999976,1.0,0.1632495145839753,cloudy,,1.0,0.6613984964696973,cloudy,3.220000000000001,1.0,263.47177308746194,slightly cloudy,206.8466666666667,1.0,303.20220981792875,cloudy,76.07333333333332,1.0,79.95570664015119,slightly cloudy,47.94666666666665,1.0,1.0,1.0,1.0,1.0,1.0,1.0,1.0,1.0,1.0,1.0,1.0,1.0,1.0,1.0,1.0,1.0,1.0,1.0,1.0,1.0,347.44944473390495,456.34050247702675,203.06120289877765,206.21854596804744,447.71024047166236,370.37843150344946,124.96127831062127,436.0051483769472,491.6508923333272,80.15023089256515,263.7736846101522,201.52724921645935,408.18801955553675,536.7630948829587,280.91196629747975,401.03442997694106,430.68369306451626,86.18239460918211,214.2676231544217,371.75511881979116,215.22950916556812,356.2733333333333,480.42666666666656,237.15333333333322,210.6066666666667,480.7466666666667,347.3533333333335,,,,94.08666666666667,273.38000000000005,306.6133333333331,427.3,564.0733333333334,313.38666666666717,134.84666666666658,238.8866666666665,67.89999999999984,233.06,424.01333333333343,250.3533333333333
2010-01-01 15:15:00,1.0,253.39281641644686,clear,251.2333333333333,1.0,80.51843553618369,slightly cloudy,85.78666666666665,1.0,10.876709097661156,cloudy,,1.0,8.754930089202437,cloudy,10.713333333333336,1.0,303.6076730035027,variable,271.1866666666666,1.0,332.29812085479085,cloudy,87.05333333333331,1.0,114.41626121027399,variable,109.81999999999998,1.0,1.0,1.0,1.0,1.0,1.0,1.0,1.0,1.0,1.0,1.0,1.0,1.0,1.0,1.0,1.0,1.0,1.0,1.0,1.0,1.0,372.99022825108636,453.8278028421541,164.28625794329835,246.27038467850755,462.60746449290747,339.98533824351364,170.29405066720173,461.9192596957447,470.76859451295866,108.80714243926307,275.51860355235897,177.80206267822115,436.9167143778768,535.6394169982276,239.5531323507047,417.2927005480416,418.1277240355642,49.3650149976317,243.95476643869114,376.98895241627247,183.46544700182736,386.65999999999985,483.73333333333323,210.68666666666658,228.52666666666673,456.9400000000001,356.26666666666677,,,,125.87333333333336,287.26,268.7199999999997,379.23999999999995,556.9133333333334,270.40000000000055,150.69333333333324,179.3066666666666,55.999999999999844,265.7733333333333,431.89333333333343,219.96666666666653
2010-01-01 15:30:00,1.0,287.4325918991783,clear,288.8133333333333,1.0,122.15709764117757,slightly cloudy,127.56666666666665,1.0,40.49288243991029,cloudy,,1.0,27.227946224380382,cloudy,31.786666666666665,1.0,341.30385207566593,slightly cloudy,378.9466666666667,1.0,358.4105805622798,cloudy,114.82000000000001,1.0,148.93471961264476,variable,147.1266666666666,1.0,1.0,1.0,1.0,1.0,1.0,1.0,1.0,1.0,1.0,1.0,1.0,1.0,1.0,1.0,1.0,1.0,1.0,1.0,1.0,1.0,395.3279574099835,447.6628300760704,124.54121365751088,284.13066738254213,473.6635774877669,306.51903293422856,215.0496866158132,484.2045858773091,446.2089151782317,136.91893030181672,284.22180015929393,152.0053206309964,462.26034633846996,530.5950023115955,196.45315773957466,430.05350053576143,402.06971591967357,18.97862244887066,271.1733790685941,378.77296427548873,150.00246612000566,412.90666666666664,414.19333333333327,94.8466666666666,282.1066666666667,451.64000000000016,310.49333333333345,,,,153.08,298.9133333333331,220.7933333333331,457.08,555.8000000000001,226.57333333333386,164.55333333333323,141.32666666666663,33.68666666666649,297.3466666666667,435.86000000000007,189.8266666666665
2010-01-01 15:45:00,1.0,318.86530734576223,clear,324.0199999999998,1.0,164.55320953946787,clear,170.47333333333336,1.0,80.65294874729477,cloudy,,1.0,52.22912562614503,variable,65.09333333333333,1.0,376.24782663307025,variable,351.46,1.0,381.3691993961064,variable,177.87999999999997,1.0,182.4422703963357,clear,198.27999999999986,1.0,1.0,1.0,1.0,1.0,1.0,1.0,1.0,1.0,1.0,1.0,1.0,1.0,1.0,1.0,1.0,1.0,1.0,1.0,1.0,1.0,414.33133391921916,437.87770926323793,85.012796865046,319.3883881417191,480.8186340422426,270.2466022318325,258.3051472781676,502.74013847225416,418.10829718620016,163.69539821954584,289.82126122227476,124.56002582687414,484.0738035408156,521.6555988710111,152.3041779125133,439.2476170166884,382.5989110449287,2.2108721274818364,295.67258659155857,377.09678620912996,115.50303262476443,435.0466666666667,338.1933333333332,92.85333333333325,317.0133333333335,451.20000000000005,299.4733333333334,,,,173.95333333333338,307.1933333333331,149.99999999999972,493.83999999999986,548.9333333333337,181.63333333333398,194.9533333333332,189.11333333333323,14.219999999999823,326.91333333333336,434.7466666666668,159.94666666666652
2010-01-01 16:00:00,1.0,347.44944473390495,clear,356.2733333333333,1.0,206.21854596804744,clear,210.6066666666667,1.0,124.96127831062127,cloudy,,1.0,80.15023089256515,slightly cloudy,94.08666666666667,1.0,408.18801955553675,slightly cloudy,427.3,1.0,401.03442997694106,cloudy,134.84666666666658,1.0,214.2676231544217,clear,233.06,1.0,1.0,1.0,1.0,1.0,1.0,1.0,1.0,1.0,1.0,1.0,1.0,1.0,1.0,1.0,1.0,1.0,0.0,1.0,1.0,1.0,429.89352027457517,424.52400778850904,47.90788250083053,351.7326442860121,484.03435291577404,231.51114991960074,299.4644049585898,517.4281178550484,386.6305905328849,188.6165506155819,292.27827461689856,96.08745350172535,502.23698713568837,508.86717722114093,108.19858676043408,444.8260604343297,359.8274868010552,0.0,317.25589418348784,371.9701692474239,81.01911187993271,452.68666666666667,481.0466666666667,76.21999999999993,351.5933333333335,450.4800000000001,268.8466666666667,,,,194.98666666666668,311.4933333333331,81.13333333333306,528.5866666666667,537.466666666667,139.51333333333395,150.0599999999999,137.01333333333326,2.3199999999998235,352.74666666666667,428.5333333333335,128.33999999999995
2010-01-01 16:15:00,1.0,372.99022825108636,clear,386.65999999999985,1.0,246.27038467850755,slightly cloudy,228.52666666666673,1.0,170.29405066720173,cloudy,,1.0,108.80714243926307,slightly cloudy,125.87333333333336,1.0,436.9167143778768,variable,379.23999999999995,1.0,417.2927005480416,cloudy,150.69333333333324,1.0,243.95476643869114,clear,265.7733333333333,1.0,1.0,1.0,1.0,1.0,1.0,1.0,1.0,1.0,1.0,1.0,1.0,1.0,1.0,1.0,1.0,1.0,0.0,1.0,1.0,1.0,441.92977108614303,407.6733552691997,17.656801841502165,380.9180797479977,483.29365165568515,190.77576981543643,338.1048145903242,528.1925846654575,351.97208144940674,211.31946675388497,291.57613219611045,67.5591108241009,516.6527089096869,492.29630146678704,66.05585038448109,446.759434778036,333.8933865777249,0.0,335.767014743497,363.42315890682795,48.36540194544896,472.9799999999999,437.0133333333332,26.32666666666659,383.79333333333346,485.24666666666684,228.06000000000006,,,,216.80666666666667,325.2666666666664,49.193333333333044,437.3,525.3933333333338,100.53333333333397,291.0399999999999,76.02666666666659,-1.5400000000001768,377.0666666666667,419.60000000000014,94.63999999999994
2010-01-01 16:30:00,1.0,395.3279574099835,clear,412.90666666666664,1.0,284.13066738254213,clear,282.1066666666667,1.0,215.0496866158132,cloudy,,1.0,136.91893030181672,slightly cloudy,153.08,1.0,462.26034633846996,variable,457.08,1.0,430.05350053576143,cloudy,164.55333333333323,1.0,271.1733790685941,clear,297.3466666666667,1.0,1.0,1.0,1.0,1.0,1.0,1.0,1.0,1.0,1.0,1.0,1.0,1.0,1.0,1.0,1.0,1.0,0.0,1.0,1.0,1.0,450.3760004673839,387.41849458968375,1.7290219468497894,406.74612322602053,478.6004575749098,148.71057763371775,373.90499299026266,534.9786585722258,314.37013571890714,231.53887327009664,287.7196093334943,40.59175591163924,527.2454024166725,472.03077177057514,29.59251007319908,445.03760759866805,304.9650417442141,0.0,351.08157811881955,351.5066720129682,20.85032578356496,466.5733333333332,395.29999999999995,10.739999999999924,415.8600000000002,478.78000000000003,154.5933333333333,,,,235.52,243.55333333333314,40.18666666666639,525.8133333333333,501.88000000000034,63.900000000000645,364.86666666666656,101.76666666666657,-2.87333333333351,396.8999999999999,406.51333333333343,58.21999999999994
2010-01-01 16:45:00,1.0,414.33133391921916,clear,435.0466666666667,1.0,319.3883881417191,clear,317.0133333333335,1.0,258.3051472781676,cloudy,,1.0,163.69539821954584,clear,173.95333333333338,1.0,484.0738035408156,clear,493.83999999999986,1.0,439.2476170166884,cloudy,194.9533333333332,1.0,295.67258659155857,clear,326.91333333333336,1.0,1.0,0.0,1.0,1.0,1.0,1.0,1.0,1.0,1.0,1.0,1.0,1.0,1.0,1.0,1.0,1.0,0.0,1.0,1.0,1.0,455.18791296613404,363.8750066145572,0.0,429.05434810430904,469.9797506320424,106.37584420991392,406.6086073278802,537.7520504546129,274.1185138223329,249.07469985032566,280.7351108865594,17.953765584015184,533.960326909056,448.1806714337953,5.825247656016826,439.6696019782214,273.24940991468605,0.0,363.1021378453953,336.2935854461657,3.887925481051059,462.7133333333333,381.39333333333326,1.3466666666665907,440.5133333333334,441.6000000000001,49.45999999999996,,,,255.4133333333334,214.9533333333331,24.819999999999705,442.4199999999999,476.90000000000043,24.653333333333975,286.91333333333307,52.286666666666534,-3.1400000000001764,412.60666666666657,388.1933333333334,23.09999999999997
2010-01-01 17:00:00,1.0,429.89352027457517,clear,452.68666666666667,1.0,351.7326442860121,clear,351.5933333333335,1.0,299.4644049585898,cloudy,,1.0,188.6165506155819,clear,194.98666666666668,1.0,502.23698713568837,clear,528.5866666666667,1.0,444.8260604343297,cloudy,150.0599999999999,1.0,317.25589418348784,clear,352.74666666666667,1.0,1.0,0.0,1.0,1.0,1.0,1.0,1.0,1.0,1.0,1.0,1.0,1.0,1.0,1.0,1.0,1.0,0.0,1.0,1.0,0.0,456.34050247702675,337.18416652965624,0.0,447.71024047166236,457.4778478314916,65.63020693789841,436.0051483769472,536.4988074866925,231.59571264125532,263.7736846101522,270.67151381749386,3.7915860740652567,536.7630948829587,420.88007588816276,0.0,430.68369306451626,239.0061339007635,0.0,371.75511881979116,317.88057606977196,0.0,480.42666666666656,361.3799999999999,-2.726666666666742,480.7466666666667,476.9866666666668,33.91333333333329,,,,273.38000000000005,201.8866666666665,8.753333333333037,564.0733333333334,451.23333333333375,5.926666666667307,238.8866666666665,81.87999999999985,-3.140000000000177,424.01333333333343,365.3800000000001,7.439999999999966
2010-01-01 17:15:00,1.0,441.92977108614303,clear,472.9799999999999,1.0,380.9180797479977,clear,383.79333333333346,1.0,338.1048145903242,cloudy,,1.0,211.31946675388497,clear,216.80666666666667,1.0,516.6527089096869,variable,437.3,1.0,446.759434778036,variable,291.0399999999999,1.0,335.767014743497,clear,377.0666666666667,1.0,1.0,0.0,1.0,1.0,1.0,1.0,1.0,1.0,1.0,1.0,1.0,1.0,1.0,0.0,1.0,1.0,0.0,1.0,1.0,0.0,453.8278028421541,307.51772583903795,0.0,462.60746449290747,441.1629933184494,30.044095670094357,461.9192596957447,531.2252200084267,187.32017118507167,275.51860355235897,257.60188420877427,0.0,535.6394169982276,390.28983729661593,0.0,418.1277240355642,202.57348016012796,0.0,376.98895241627247,296.39112916024794,0.0,483.73333333333323,373.75333333333333,-3.6666666666667425,456.9400000000001,495.2400000000001,26.573333333333288,,,,287.26,195.60666666666648,2.7399999999997044,556.9133333333334,422.96000000000043,-1.3266666666660247,179.3066666666666,65.11333333333316,-2.9533333333335094,431.89333333333343,338.6866666666668,0.43999999999996453
2010-01-01 17:30:00,1.0,450.3760004673839,slightly cloudy,466.5733333333332,1.0,406.74612322602053,clear,415.8600000000002,1.0,373.90499299026266,cloudy,,1.0,231.53887327009664,clear,235.52,1.0,527.2454024166725,slightly cloudy,525.8133333333333,1.0,445.03760759866805,variable,364.86666666666656,1.0,351.08157811881955,clear,396.8999999999999,1.0,1.0,0.0,1.0,1.0,1.0,1.0,1.0,1.0,1.0,1.0,0.0,1.0,1.0,0.0,1.0,1.0,0.0,1.0,1.0,0.0,447.6628300760704,275.0860893931631,0.0,473.6635774877669,421.1263729836712,6.310457671949475,484.2045858773091,521.9578634966039,142.06477030549078,284.22180015929393,241.62643470076708,0.0,530.5950023115955,356.6021599722833,0.0,402.06971591967357,164.4182641842622,0.0,378.77296427548873,271.9804460605674,0.0,414.19333333333327,251.81999999999988,-3.8733333333334077,451.64000000000016,458.1800000000002,12.993333333333295,,,,298.9133333333331,160.37333333333316,-1.1533333333336286,555.8000000000001,388.33333333333377,-4.019999999999358,141.32666666666663,77.00666666666649,-2.766666666666843,435.86000000000007,312.26000000000005,-2.7266666666667017
2010-01-01 17:45:00,1.0,455.18791296613404,clear,462.7133333333333,1.0,429.05434810430904,slightly cloudy,440.5133333333334,1.0,406.6086073278802,cloudy,,1.0,249.07469985032566,clear,255.4133333333334,1.0,533.960326909056,variable,442.4199999999999,1.0,439.6696019782214,variable,286.91333333333307,1.0,363.1021378453953,clear,412.60666666666657,1.0,1.0,0.0,1.0,1.0,1.0,1.0,1.0,1.0,1.0,1.0,0.0,1.0,1.0,0.0,1.0,1.0,0.0,1.0,1.0,0.0,437.87770926323793,240.15279478482987,0.0,480.8186340422426,397.48379410638626,0.0,502.74013847225416,508.7437865089366,97.11193433121313,289.82126122227476,222.87742309313393,0.0,521.6555988710111,320.0483117711348,0.0,382.5989110449287,125.23785097484766,0.0,377.09678620912996,244.8436084663629,0.0,338.1933333333332,247.55999999999992,-3.953333333333408,451.20000000000005,383.51333333333343,4.073333333333298,,,,307.1933333333331,332.13333333333316,-3.040000000000296,548.9333333333337,351.40666666666704,-4.373333333332691,189.11333333333323,55.01333333333317,-2.826666666666841,434.7466666666668,282.3333333333333,-3.140000000000037
2010-01-01 18:00:00,1.0,456.34050247702675,clear,480.42666666666656,1.0,447.71024047166236,clear,480.7466666666667,1.0,436.0051483769472,cloudy,,1.0,263.7736846101522,clear,273.38000000000005,1.0,536.7630948829587,slightly cloudy,564.0733333333334,1.0,430.68369306451626,cloudy,238.8866666666665,1.0,371.75511881979116,clear,424.01333333333343,1.0,1.0,0.0,1.0,1.0,0.0,1.0,1.0,1.0,1.0,1.0,0.0,1.0,1.0,0.0,1.0,1.0,0.0,1.0,1.0,0.0,424.52400778850904,203.06120289877765,0.0,484.03435291577404,370.37843150344946,0.0,517.4281178550484,491.6508923333272,54.86038094274889,292.27827461689856,201.52724921645935,0.0,508.86717722114093,280.91196629747975,0.0,359.8274868010552,86.18239460918211,0.0,371.9701692474239,215.22950916556812,0.0,481.0466666666667,237.15333333333322,-3.8133333333334076,450.4800000000001,347.3533333333335,-2.0333333333333687,,,,311.4933333333331,306.6133333333331,-3.373333333333627,537.466666666667,313.38666666666717,-4.573333333332689,137.01333333333326,67.89999999999984,-2.6800000000001765,428.5333333333335,250.3533333333333,-3.300000000000035
2010-01-01 18:15:00,1.0,453.8278028421541,slightly cloudy,483.73333333333323,1.0,462.60746449290747,variable,456.9400000000001,1.0,461.9192596957447,cloudy,,1.0,275.51860355235897,clear,287.26,1.0,535.6394169982276,slightly cloudy,556.9133333333334,1.0,418.1277240355642,cloudy,179.3066666666666,1.0,376.98895241627247,clear,431.89333333333343,1.0,1.0,0.0,1.0,1.0,0.0,1.0,1.0,1.0,1.0,1.0,0.0,1.0,1.0,0.0,1.0,1.0,0.0,1.0,1.0,0.0,407.6733552691997,164.28625794329835,0.0,483.29365165568515,339.98533824351364,0.0,528.1925846654575,470.76859451295866,20.220432920641624,291.57613219611045,177.80206267822115,0.0,492.29630146678704,239.5531323507047,0.0,333.8933865777249,49.3650149976317,0.0,363.42315890682795,183.46544700182736,0.0,437.0133333333332,210.68666666666658,-3.8133333333334063,485.24666666666684,356.26666666666677,-2.4533333333333682,,,,325.2666666666664,268.7199999999997,-3.3266666666669598,525.3933333333338,270.40000000000055,-4.3933333333326905,76.02666666666659,55.999999999999844,-2.6066666666668445,419.60000000000014,219.96666666666653,-3.706666666666701
2010-01-01 18:30:00,1.0,447.6628300760704,slightly cloudy,414.19333333333327,1.0,473.6635774877669,clear,451.64000000000016,1.0,484.2045858773091,cloudy,,1.0,284.22180015929393,clear,298.9133333333331,1.0,530.5950023115955,clear,555.8000000000001,1.0,402.06971591967357,cloudy,141.32666666666663,1.0,378.77296427548873,clear,435.86000000000007,1.0,1.0,0.0,1.0,1.0,0.0,1.0,1.0,1.0,1.0,1.0,0.0,1.0,1.0,0.0,1.0,1.0,0.0,1.0,1.0,0.0,387.41849458968375,124.54121365751088,0.0,478.6004575749098,306.51903293422856,0.0,534.9786585722258,446.2089151782317,1.8996647727360954,287.7196093334943,152.0053206309964,0.0,472.03077177057514,196.45315773957466,0.0,304.9650417442141,18.97862244887066,0.0,351.5066720129682,150.00246612000566,0.0,395.29999999999995,94.8466666666666,-3.8066666666667404,478.78000000000003,310.49333333333345,-2.753333333333369,,,,243.55333333333314,220.7933333333331,-3.34666666666696,501.88000000000034,226.57333333333386,-4.426666666666028,101.76666666666657,33.68666666666649,-2.5866666666668445,406.51333333333343,189.8266666666665,-3.726666666666701
2010-01-01 18:45:00,1.0,437.87770926323793,slightly cloudy,338.1933333333332,1.0,480.8186340422426,slightly cloudy,451.20000000000005,1.0,502.74013847225416,cloudy,,1.0,289.82126122227476,clear,307.1933333333331,1.0,521.6555988710111,clear,548.9333333333337,1.0,382.5989110449287,cloudy,189.11333333333323,1.0,377.09678620912996,clear,434.7466666666668,1.0,1.0,0.0,1.0,1.0,0.0,1.0,1.0,0.0,1.0,1.0,0.0,1.0,1.0,0.0,1.0,1.0,0.0,1.0,1.0,0.0,363.8750066145572,85.012796865046,0.0,469.9797506320424,270.2466022318325,0.0,537.7520504546129,418.10829718620016,0.0,280.7351108865594,124.56002582687414,0.0,448.1806714337953,152.3041779125133,0.0,273.24940991468605,2.2108721274818364,0.0,336.2935854461657,115.50303262476443,0.0,381.39333333333326,92.85333333333325,-3.8933333333334073,441.6000000000001,299.4733333333334,-3.440000000000034,,,,214.9533333333331,149.99999999999972,-3.286666666666962,476.90000000000043,181.63333333333398,-4.433333333332696,52.286666666666534,14.219999999999823,-2.5066666666668436,388.1933333333334,159.94666666666652,-3.486666666666702
2010-01-01 19:00:00,1.0,424.52400778850904,slightly cloudy,481.0466666666667,1.0,484.03435291577404,clear,450.4800000000001,1.0,517.4281178550484,cloudy,,1.0,292.27827461689856,clear,311.4933333333331,1.0,508.86717722114093,clear,537.466666666667,1.0,359.8274868010552,cloudy,137.01333333333326,1.0,371.9701692474239,clear,428.5333333333335,1.0,1.0,0.0,1.0,1.0,0.0,1.0,1.0,0.0,1.0,1.0,0.0,1.0,1.0,0.0,1.0,0.0,0.0,1.0,1.0,0.0,337.18416652965624,47.90788250083053,0.0,457.4778478314916,231.51114991960074,0.0,536.4988074866925,386.6305905328849,0.0,270.67151381749386,96.08745350172535,0.0,420.88007588816276,108.19858676043408,0.0,239.0061339007635,0.0,0.0,317.88057606977196,81.01911187993271,0.0,361.3799999999999,76.21999999999993,-3.900000000000074,476.9866666666668,268.8466666666667,-3.6533333333333684,,,,201.8866666666665,81.13333333333306,-3.313333333333629,451.23333333333375,139.51333333333395,-4.4066666666660295,81.87999999999985,2.3199999999998235,-2.613333333333512,365.3800000000001,128.33999999999995,-3.9933333333333683
2010-01-01 19:15:00,1.0,407.6733552691997,slightly cloudy,437.0133333333332,1.0,483.29365165568515,clear,485.24666666666684,1.0,528.1925846654575,cloudy,,1.0,291.57613219611045,variable,325.2666666666664,1.0,492.29630146678704,clear,525.3933333333338,1.0,333.8933865777249,cloudy,76.02666666666659,1.0,363.42315890682795,clear,419.60000000000014,1.0,1.0,0.0,1.0,1.0,0.0,1.0,1.0,0.0,1.0,1.0,0.0,1.0,1.0,0.0,1.0,0.0,0.0,1.0,1.0,0.0,307.51772583903795,17.656801841502165,0.0,441.1629933184494,190.77576981543643,0.0,531.2252200084267,351.97208144940674,0.0,257.60188420877427,67.5591108241009,0.0,390.28983729661593,66.05585038448109,0.0,202.57348016012796,0.0,0.0,296.39112916024794,48.36540194544896,0.0,373.75333333333333,26.32666666666659,-3.900000000000074,495.2400000000001,228.06000000000006,-3.4866666666667014,,,,195.60666666666648,49.193333333333044,-3.1933333333336313,422.96000000000043,100.53333333333397,-4.386666666666032,65.11333333333316,-1.5400000000001768,-2.6133333333335105,338.6866666666668,94.63999999999994,-3.7333333333333694
2010-01-01 19:30:00,1.0,387.41849458968375,slightly cloudy,395.29999999999995,1.0,478.6004575749098,clear,478.78000000000003,1.0,534.9786585722258,cloudy,,1.0,287.7196093334943,slightly cloudy,243.55333333333314,1.0,472.03077177057514,clear,501.88000000000034,1.0,304.9650417442141,variable,101.76666666666657,1.0,351.5066720129682,clear,406.51333333333343,1.0,1.0,0.0,1.0,1.0,0.0,1.0,1.0,0.0,1.0,1.0,0.0,1.0,1.0,0.0,1.0,0.0,0.0,1.0,1.0,0.0,275.0860893931631,1.7290219468497894,0.0,421.1263729836712,148.71057763371775,0.0,521.9578634966039,314.37013571890714,0.0,241.62643470076708,40.59175591163924,0.0,356.6021599722833,29.59251007319908,0.0,164.4182641842622,0.0,0.0,271.9804460605674,20.85032578356496,0.0,251.81999999999988,10.739999999999924,-3.900000000000074,458.1800000000002,154.5933333333333,-3.093333333333368,,,,160.37333333333316,40.18666666666639,-3.0800000000002967,388.33333333333377,63.900000000000645,-4.439999999999366,77.00666666666649,-2.87333333333351,-2.7066666666668437,312.26000000000005,58.21999999999994,-3.8333333333333686
2010-01-01 19:45:00,1.0,363.8750066145572,variable,381.39333333333326,1.0,469.9797506320424,slightly cloudy,441.6000000000001,1.0,537.7520504546129,cloudy,,1.0,280.7351108865594,slightly cloudy,214.9533333333331,1.0,448.1806714337953,clear,476.90000000000043,1.0,273.24940991468605,cloudy,52.286666666666534,1.0,336.2935854461657,clear,388.1933333333334,1.0,0.0,0.0,1.0,1.0,0.0,1.0,1.0,0.0,1.0,1.0,0.0,1.0,1.0,0.0,1.0,0.0,0.0,1.0,1.0,0.0,240.15279478482987,0.0,0.0,397.48379410638626,106.37584420991392,0.0,508.7437865089366,274.1185138223329,0.0,222.87742309313393,17.953765584015184,0.0,320.0483117711348,5.825247656016826,0.0,125.23785097484766,0.0,0.0,244.8436084663629,3.887925481051059,0.0,247.55999999999992,1.3466666666665907,-3.9066666666667405,383.51333333333343,49.45999999999996,-2.7000000000000357,,,,332.13333333333316,24.819999999999705,-3.0600000000002963,351.40666666666704,24.653333333333975,-4.48666666666603,55.01333333333317,-3.1400000000001764,-2.5800000000001777,282.3333333333333,23.09999999999997,-4.173333333333367
2010-01-01 20:00:00,1.0,337.18416652965624,slightly cloudy,361.3799999999999,1.0,457.4778478314916,slightly cloudy,476.9866666666668,1.0,536.4988074866925,cloudy,,1.0,270.67151381749386,slightly cloudy,201.8866666666665,1.0,420.88007588816276,clear,451.23333333333375,1.0,239.0061339007635,cloudy,81.87999999999985,1.0,317.88057606977196,clear,365.3800000000001,1.0,0.0,0.0,1.0,1.0,0.0,1.0,1.0,0.0,1.0,1.0,0.0,1.0,1.0,0.0,1.0,0.0,0.0,1.0,0.0,0.0,203.06120289877765,0.0,0.0,370.37843150344946,65.63020693789841,0.0,491.6508923333272,231.59571264125532,0.0,201.52724921645935,3.7915860740652567,0.0,280.91196629747975,0.0,0.0,86.18239460918211,0.0,0.0,215.22950916556812,0.0,0.0,237.15333333333322,-2.726666666666742,-3.8800000000000736,347.3533333333335,33.91333333333329,-2.7800000000000344,,,,306.6133333333331,8.753333333333037,-3.0933333333336304,313.38666666666717,5.926666666667307,-4.493333333332698,67.89999999999984,-3.140000000000177,-2.546666666666844,250.3533333333333,7.439999999999966,-3.2666666666667017
2010-01-01 20:15:00,1.0,307.51772583903795,variable,373.75333333333333,1.0,441.1629933184494,clear,495.2400000000001,1.0,531.2252200084267,cloudy,,1.0,257.60188420877427,variable,195.60666666666648,1.0,390.28983729661593,clear,422.96000000000043,1.0,202.57348016012796,cloudy,65.11333333333316,1.0,296.39112916024794,clear,338.6866666666668,1.0,0.0,0.0,1.0,1.0,0.0,1.0,1.0,0.0,1.0,1.0,0.0,1.0,0.0,0.0,1.0,0.0,0.0,1.0,0.0,0.0,164.28625794329835,0.0,0.0,339.98533824351364,30.044095670094357,0.0,470.76859451295866,187.32017118507167,0.0,177.80206267822115,0.0,0.0,239.5531323507047,0.0,0.0,49.3650149976317,0.0,0.0,183.46544700182736,0.0,0.0,210.68666666666658,-3.6666666666667425,-3.8333333333334063,356.26666666666677,26.573333333333288,-3.200000000000034,,,,268.7199999999997,2.7399999999997044,-3.1200000000002968,270.40000000000055,-1.3266666666660247,-4.366666666666032,55.999999999999844,-2.9533333333335094,-2.380000000000175,219.96666666666653,0.43999999999996453,-3.0400000000000347
2010-01-01 20:30:00,1.0,275.0860893931631,variable,251.81999999999988,1.0,421.1263729836712,clear,458.1800000000002,1.0,521.9578634966039,cloudy,,1.0,241.62643470076708,variable,160.37333333333316,1.0,356.6021599722833,clear,388.33333333333377,1.0,164.4182641842622,variable,77.00666666666649,1.0,271.9804460605674,clear,312.26000000000005,1.0,0.0,0.0,1.0,1.0,0.0,1.0,1.0,0.0,1.0,0.0,0.0,1.0,0.0,0.0,1.0,0.0,0.0,1.0,0.0,0.0,124.54121365751088,0.0,0.0,306.51903293422856,6.310457671949475,0.0,446.2089151782317,142.06477030549078,0.0,152.0053206309964,0.0,0.0,196.45315773957466,0.0,0.0,18.97862244887066,0.0,0.0,150.00246612000566,0.0,0.0,94.8466666666666,-3.8733333333334077,-3.8266666666667395,310.49333333333345,12.993333333333295,-2.5800000000000365,,,,220.7933333333331,-1.1533333333336286,-3.106666666666963,226.57333333333386,-4.019999999999358,-4.3333333333327015,33.68666666666649,-2.766666666666843,-2.3133333333335084,189.8266666666665,-2.7266666666667017,-3.673333333333368
2010-01-01 20:45:00,1.0,240.15279478482987,slightly cloudy,247.55999999999992,1.0,397.48379410638626,variable,383.51333333333343,1.0,508.7437865089366,cloudy,,1.0,222.87742309313393,variable,332.13333333333316,1.0,320.0483117711348,clear,351.40666666666704,1.0,125.23785097484766,cloudy,55.01333333333317,1.0,244.8436084663629,clear,282.3333333333333,1.0,0.0,0.0,1.0,1.0,0.0,1.0,1.0,0.0,1.0,0.0,0.0,1.0,0.0,0.0,1.0,0.0,0.0,1.0,0.0,0.0,85.012796865046,0.0,0.0,270.2466022318325,0.0,0.0,418.10829718620016,97.11193433121313,0.0,124.56002582687414,0.0,0.0,152.3041779125133,0.0,0.0,2.2108721274818364,0.0,0.0,115.50303262476443,0.0,0.0,92.85333333333325,-3.953333333333408,-3.8866666666667404,299.4733333333334,4.073333333333298,-1.580000000000037,,,,149.99999999999972,-3.040000000000296,-3.1600000000002977,181.63333333333398,-4.373333333332691,-4.713333333332702,14.219999999999823,-2.826666666666841,-2.1733333333335083,159.94666666666652,-3.140000000000037,-3.8733333333333686
2010-01-01 21:00:00,1.0,203.06120289877765,variable,237.15333333333322,1.0,370.37843150344946,slightly cloudy,347.3533333333335,1.0,491.6508923333272,cloudy,,1.0,201.52724921645935,variable,306.6133333333331,1.0,280.91196629747975,clear,313.38666666666717,1.0,86.18239460918211,slightly cloudy,67.89999999999984,1.0,215.22950916556812,clear,250.3533333333333,1.0,0.0,0.0,1.0,0.0,0.0,1.0,1.0,0.0,1.0,0.0,0.0,1.0,0.0,0.0,0.0,0.0,0.0,1.0,0.0,0.0,47.90788250083053,0.0,0.0,231.51114991960074,0.0,0.0,386.6305905328849,54.86038094274889,0.0,96.08745350172535,0.0,0.0,108.19858676043408,0.0,0.0,0.0,0.0,0.0,81.01911187993271,0.0,0.0,76.21999999999993,-3.8133333333334076,-3.8933333333334073,268.8466666666667,-2.0333333333333687,-2.5866666666667038,,,,81.13333333333306,-3.373333333333627,-3.2000000000002973,139.51333333333395,-4.573333333332689,-4.559999999999369,2.3199999999998235,-2.6800000000001765,-2.100000000000175,128.33999999999995,-3.300000000000035,-3.1200000000000347
2010-01-01 21:15:00,1.0,164.28625794329835,variable,210.68666666666658,1.0,339.98533824351364,clear,356.26666666666677,1.0,470.76859451295866,cloudy,,1.0,177.80206267822115,variable,268.7199999999997,1.0,239.5531323507047,clear,270.40000000000055,1.0,49.3650149976317,clear,55.999999999999844,1.0,183.46544700182736,clear,219.96666666666653,1.0,0.0,0.0,1.0,0.0,0.0,1.0,1.0,0.0,1.0,0.0,0.0,1.0,0.0,0.0,0.0,0.0,0.0,1.0,0.0,0.0,17.656801841502165,0.0,0.0,190.77576981543643,0.0,0.0,351.97208144940674,20.220432920641624,0.0,67.5591108241009,0.0,0.0,66.05585038448109,0.0,0.0,0.0,0.0,0.0,48.36540194544896,0.0,0.0,26.32666666666659,-3.8133333333334063,-3.8866666666667404,228.06000000000006,-2.4533333333333682,-2.7133333333333707,,,,49.193333333333044,-3.3266666666669598,-3.433333333333628,100.53333333333397,-4.3933333333326905,-4.373333333332704,-1.5400000000001768,-2.6066666666668445,-2.273333333333509,94.63999999999994,-3.706666666666701,-3.1800000000000352
2010-01-01 21:30:00,1.0,124.54121365751088,slightly cloudy,94.8466666666666,1.0,306.51903293422856,slightly cloudy,310.49333333333345,1.0,446.2089151782317,cloudy,,1.0,152.0053206309964,variable,220.7933333333331,1.0,196.45315773957466,clear,226.57333333333386,1.0,18.97862244887066,slightly cloudy,33.68666666666649,1.0,150.00246612000566,clear,189.8266666666665,1.0,0.0,0.0,1.0,0.0,0.0,1.0,1.0,0.0,1.0,0.0,0.0,1.0,0.0,0.0,0.0,0.0,0.0,1.0,0.0,0.0,1.7290219468497894,0.0,0.0,148.71057763371775,0.0,0.0,314.37013571890714,1.8996647727360954,0.0,40.59175591163924,0.0,0.0,29.59251007319908,0.0,0.0,0.0,0.0,0.0,20.85032578356496,0.0,0.0,10.739999999999924,-3.8066666666667404,-3.8933333333334073,154.5933333333333,-2.753333333333369,-2.8400000000000363,,,,40.18666666666639,-3.34666666666696,-3.566666666666963,63.900000000000645,-4.426666666666028,-4.319999999999376,-2.87333333333351,-2.5866666666668445,-2.7733333333335097,58.21999999999994,-3.726666666666701,-3.4333333333333673
2010-01-01 21:45:00,1.0,85.012796865046,variable,92.85333333333325,1.0,270.2466022318325,clear,299.4733333333334,1.0,418.10829718620016,cloudy,,1.0,124.56002582687414,slightly cloudy,149.99999999999972,1.0,152.3041779125133,clear,181.63333333333398,1.0,2.2108721274818364,cloudy,14.219999999999823,1.0,115.50303262476443,slightly cloudy,159.94666666666652,0.0,0.0,0.0,1.0,0.0,0.0,1.0,0.0,0.0,1.0,0.0,0.0,1.0,0.0,0.0,0.0,0.0,0.0,1.0,0.0,0.0,0.0,0.0,0.0,106.37584420991392,0.0,0.0,274.1185138223329,0.0,0.0,17.953765584015184,0.0,0.0,5.825247656016826,0.0,0.0,0.0,0.0,0.0,3.887925481051059,0.0,0.0,1.3466666666665907,-3.8933333333334073,-3.8333333333334063,49.45999999999996,-3.440000000000034,-2.5666666666667033,,,,24.819999999999705,-3.286666666666962,-3.7333333333336283,24.653333333333975,-4.433333333332696,-4.3199999999993794,-3.1400000000001764,-2.5066666666668436,-2.5133333333335104,23.09999999999997,-3.486666666666702,-3.420000000000036
2010-01-01 22:00:00,1.0,47.90788250083053,variable,76.21999999999993,1.0,231.51114991960074,clear,268.8466666666667,1.0,386.6305905328849,cloudy,,1.0,96.08745350172535,slightly cloudy,81.13333333333306,1.0,108.19858676043408,clear,139.51333333333395,0.0,0.0,night,2.3199999999998235,1.0,81.01911187993271,slightly cloudy,128.33999999999995,0.0,0.0,0.0,1.0,0.0,0.0,1.0,0.0,0.0,1.0,0.0,0.0,1.0,0.0,0.0,0.0,0.0,0.0,0.0,0.0,0.0,0.0,0.0,0.0,65.63020693789841,0.0,0.0,231.59571264125532,0.0,0.0,3.7915860740652567,0.0,0.0,0.0,0.0,0.0,0.0,0.0,0.0,0.0,0.0,0.0,-2.726666666666742,-3.900000000000074,-3.8333333333334063,33.91333333333329,-3.6533333333333684,-2.23333333333337,,,,8.753333333333037,-3.313333333333629,-3.440000000000295,5.926666666667307,-4.4066666666660295,-4.466666666666049,-3.140000000000177,-2.613333333333512,-2.5066666666668436,7.439999999999966,-3.9933333333333683,-3.1866666666667003
2010-01-01 22:15:00,1.0,17.656801841502165,slightly cloudy,26.32666666666659,1.0,190.77576981543643,clear,228.06000000000006,1.0,351.97208144940674,cloudy,,1.0,67.5591108241009,slightly cloudy,49.193333333333044,1.0,66.05585038448109,slightly cloudy,100.53333333333397,0.0,0.0,night,-1.5400000000001768,1.0,48.36540194544896,cloudy,94.63999999999994,0.0,0.0,0.0,1.0,0.0,0.0,1.0,0.0,0.0,1.0,0.0,0.0,0.0,0.0,0.0,0.0,0.0,0.0,0.0,0.0,0.0,0.0,0.0,0.0,30.044095670094357,0.0,0.0,187.32017118507167,0.0,0.0,0.0,0.0,0.0,0.0,0.0,0.0,0.0,0.0,0.0,0.0,0.0,0.0,-3.6666666666667425,-3.900000000000074,-3.860000000000073,26.573333333333288,-3.4866666666667014,-2.120000000000037,,,,2.7399999999997044,-3.1933333333336313,-3.4133333333336275,-1.3266666666660247,-4.386666666666032,-4.4133333333327185,-2.9533333333335094,-2.6133333333335105,-2.640000000000178,0.43999999999996453,-3.7333333333333694,-3.6133333333333684
2010-01-01 22:30:00,1.0,1.7290219468497894,variable,10.739999999999924,1.0,148.71057763371775,variable,154.5933333333333,1.0,314.37013571890714,cloudy,,1.0,40.59175591163924,slightly cloudy,40.18666666666639,1.0,29.59251007319908,variable,63.900000000000645,0.0,0.0,night,-2.87333333333351,1.0,20.85032578356496,variable,58.21999999999994,0.0,0.0,0.0,1.0,0.0,0.0,1.0,0.0,0.0,0.0,0.0,0.0,0.0,0.0,0.0,0.0,0.0,0.0,0.0,0.0,0.0,0.0,0.0,0.0,6.310457671949475,0.0,0.0,142.06477030549078,0.0,0.0,0.0,0.0,0.0,0.0,0.0,0.0,0.0,0.0,0.0,0.0,0.0,0.0,-3.8733333333334077,-3.900000000000074,-3.8333333333334063,12.993333333333295,-3.093333333333368,-2.1066666666667033,,,,-1.1533333333336286,-3.0800000000002967,-3.353333333333627,-4.019999999999358,-4.439999999999366,-4.426666666666054,-2.766666666666843,-2.7066666666668437,-2.6800000000001774,-2.7266666666667017,-3.8333333333333686,-4.053333333333368
2010-01-01 22:45:00,0.0,0.0,night,1.3466666666665907,1.0,106.37584420991392,cloudy,49.45999999999996,1.0,274.1185138223329,cloudy,,1.0,17.953765584015184,clear,24.819999999999705,1.0,5.825247656016826,variable,24.653333333333975,0.0,0.0,night,-3.1400000000001764,1.0,3.887925481051059,cloudy,23.09999999999997,0.0,0.0,0.0,1.0,0.0,0.0,1.0,0.0,0.0,0.0,0.0,0.0,0.0,0.0,0.0,0.0,0.0,0.0,0.0,0.0,0.0,0.0,0.0,0.0,0.0,0.0,0.0,97.11193433121313,0.0,0.0,0.0,0.0,0.0,0.0,0.0,0.0,0.0,0.0,0.0,0.0,0.0,0.0,-3.953333333333408,-3.9066666666667405,-3.7933333333334067,4.073333333333298,-2.7000000000000357,-2.4933333333333705,,,,-3.040000000000296,-3.0600000000002963,-3.4000000000002943,-4.373333333332691,-4.48666666666603,-4.29999999999939,-2.826666666666841,-2.5800000000001777,-2.5333333333335104,-3.140000000000037,-4.173333333333367,-3.7733333333333685
2010-01-01 23:00:00,0.0,0.0,night,-2.726666666666742,1.0,65.63020693789841,cloudy,33.91333333333329,1.0,231.59571264125532,cloudy,,1.0,3.7915860740652567,slightly cloudy,8.753333333333037,1.0,0.0,cloudy,5.926666666667307,0.0,0.0,night,-3.140000000000177,0.0,0.0,night,7.439999999999966,0.0,0.0,0.0,0.0,0.0,0.0,1.0,0.0,0.0,0.0,0.0,0.0,0.0,0.0,0.0,0.0,0.0,0.0,0.0,0.0,0.0,0.0,0.0,0.0,0.0,0.0,0.0,54.86038094274889,0.0,0.0,0.0,0.0,0.0,0.0,0.0,0.0,0.0,0.0,0.0,0.0,0.0,0.0,-3.8133333333334076,-3.8800000000000736,-3.7400000000000757,-2.0333333333333687,-2.7800000000000344,-1.9666666666667032,,,,-3.373333333333627,-3.0933333333336304,-3.3600000000002934,-4.573333333332689,-4.493333333332698,-4.44666666666606,-2.6800000000001765,-2.546666666666844,-2.5133333333335104,-3.300000000000035,-3.2666666666667017,-2.7600000000000358
2010-01-01 23:15:00,0.0,0.0,night,-3.6666666666667425,1.0,30.044095670094357,slightly cloudy,26.573333333333288,1.0,187.32017118507167,cloudy,,1.0,0.0,cloudy,2.7399999999997044,0.0,0.0,night,-1.3266666666660247,0.0,0.0,night,-2.9533333333335094,0.0,0.0,night,0.43999999999996453,0.0,0.0,0.0,0.0,0.0,0.0,1.0,0.0,0.0,0.0,0.0,0.0,0.0,0.0,0.0,0.0,0.0,0.0,0.0,0.0,0.0,0.0,0.0,0.0,0.0,0.0,0.0,20.220432920641624,0.0,0.0,0.0,0.0,0.0,0.0,0.0,0.0,0.0,0.0,0.0,0.0,0.0,0.0,-3.8133333333334063,-3.8333333333334063,-3.7000000000000783,-2.4533333333333682,-3.200000000000034,-3.0066666666667032,,,,-3.3266666666669598,-3.1200000000002968,-3.333333333333627,-4.3933333333326905,-4.366666666666032,-4.239999999999393,-2.6066666666668445,-2.380000000000175,-2.77333333333351,-3.706666666666701,-3.0400000000000347,-3.0400000000000356
2010-01-01 23:30:00,0.0,0.0,night,-3.8733333333334077,1.0,6.310457671949475,variable,12.993333333333295,1.0,142.06477030549078,cloudy,,0.0,0.0,night,-1.1533333333336286,0.0,0.0,night,-4.019999999999358,0.0,0.0,night,-2.766666666666843,0.0,0.0,night,-2.7266666666667017,0.0,0.0,0.0,0.0,0.0,0.0,1.0,0.0,0.0,0.0,0.0,0.0,0.0,0.0,0.0,0.0,0.0,0.0,0.0,0.0,0.0,0.0,0.0,0.0,0.0,0.0,0.0,1.8996647727360954,0.0,0.0,0.0,0.0,0.0,0.0,0.0,0.0,0.0,0.0,0.0,0.0,0.0,0.0,-3.8066666666667404,-3.8266666666667395,-3.7000000000000783,-2.753333333333369,-2.5800000000000365,-3.140000000000037,,,,-3.34666666666696,-3.106666666666963,-3.3200000000002943,-4.426666666666028,-4.3333333333327015,-4.339999999999392,-2.5866666666668445,-2.3133333333335084,-2.693333333333511,-3.726666666666701,-3.673333333333368,-3.2333333333333685
2010-01-01 23:45:00,0.0,0.0,night,-3.953333333333408,1.0,0.0,cloudy,4.073333333333298,1.0,97.11193433121313,cloudy,,0.0,0.0,night,-3.040000000000296,0.0,0.0,night,-4.373333333332691,0.0,0.0,night,-2.826666666666841,0.0,0.0,night,-3.140000000000037,0.0,0.0,0.0,0.0,0.0,0.0,0.0,0.0,0.0,0.0,0.0,0.0,0.0,0.0,0.0,0.0,0.0,0.0,0.0,0.0,0.0,0.0,0.0,0.0,0.0,0.0,0.0,0.0,0.0,0.0,0.0,0.0,0.0,0.0,0.0,0.0,0.0,0.0,0.0,0.0,0.0,0.0,-3.8933333333334073,-3.8866666666667404,-3.720000000000077,-3.440000000000034,-1.580000000000037,-2.893333333333371,,,,-3.286666666666962,-3.1600000000002977,-3.4200000000002944,-4.433333333332696,-4.713333333332702,-4.326666666666062,-2.5066666666668436,-2.1733333333335083,-2.67333333333351,-3.486666666666702,-3.8733333333333686,-3.7133333333333676
2010-01-02 00:00:00,0.0,0.0,night,-3.8133333333334076,0.0,0.0,night,-2.0333333333333687,1.0,54.86038094274889,cloudy,,0.0,0.0,night,-3.373333333333627,0.0,0.0,night,-4.573333333332689,0.0,0.0,night,-2.6800000000001765,0.0,0.0,night,-3.300000000000035,0.0,0.0,0.0,0.0,0.0,0.0,0.0,0.0,0.0,0.0,0.0,0.0,0.0,0.0,0.0,0.0,0.0,0.0,0.0,0.0,0.0,0.0,0.0,0.0,0.0,0.0,0.0,0.0,0.0,0.0,0.0,0.0,0.0,0.0,0.0,0.0,0.0,0.0,0.0,0.0,0.0,0.0,-3.900000000000074,-3.8933333333334073,-3.7600000000000753,-3.6533333333333684,-2.5866666666667038,-2.3266666666667044,,,,-3.313333333333629,-3.2000000000002973,-3.4666666666669617,-4.4066666666660295,-4.559999999999369,-4.146666666666063,-2.613333333333512,-2.100000000000175,-2.6600000000001787,-3.9933333333333683,-3.1200000000000347,-3.233333333333369
2010-01-02 00:15:00,0.0,0.0,night,-3.8133333333334063,0.0,0.0,night,-2.4533333333333682,1.0,20.220432920641624,cloudy,,0.0,0.0,night,-3.3266666666669598,0.0,0.0,night,-4.3933333333326905,0.0,0.0,night,-2.6066666666668445,0.0,0.0,night,-3.706666666666701,0.0,0.0,0.0,0.0,0.0,0.0,0.0,0.0,0.0,0.0,0.0,0.0,0.0,0.0,0.0,0.0,0.0,0.0,0.0,0.0,0.0,0.0,0.0,0.0,0.0,0.0,0.0,0.0,0.0,0.0,0.0,0.0,0.0,0.0,0.0,0.0,0.0,0.0,0.0,0.0,0.0,0.0,-3.900000000000074,-3.8866666666667404,-3.7533333333334085,-3.4866666666667014,-2.7133333333333707,-2.7466666666667052,,,,-3.1933333333336313,-3.433333333333628,-3.4466666666669616,-4.386666666666032,-4.373333333332704,-3.939999999999396,-2.6133333333335105,-2.273333333333509,-2.7733333333335093,-3.7333333333333694,-3.1800000000000352,-3.3666666666667004
2010-01-02 00:30:00,0.0,0.0,night,-3.8066666666667404,0.0,0.0,night,-2.753333333333369,1.0,1.8996647727360954,cloudy,,0.0,0.0,night,-3.34666666666696,0.0,0.0,night,-4.426666666666028,0.0,0.0,night,-2.5866666666668445,0.0,0.0,night,-3.726666666666701,0.0,0.0,0.0,0.0,0.0,0.0,0.0,0.0,0.0,0.0,0.0,0.0,0.0,0.0,0.0,0.0,0.0,0.0,0.0,0.0,0.0,0.0,0.0,0.0,0.0,0.0,0.0,0.0,0.0,0.0,0.0,0.0,0.0,0.0,0.0,0.0,0.0,0.0,0.0,0.0,0.0,0.0,-3.900000000000074,-3.8933333333334073,-3.7733333333334076,-3.093333333333368,-2.8400000000000363,-2.7733333333333707,,,,-3.0800000000002967,-3.566666666666963,-3.426666666666961,-4.439999999999366,-4.319999999999376,-3.906666666666063,-2.7066666666668437,-2.7733333333335097,-2.586666666666844,-3.8333333333333686,-3.4333333333333673,-3.5133333333333687
2010-01-02 00:45:00,0.0,0.0,night,-3.8933333333334073,0.0,0.0,night,-3.440000000000034,0.0,0.0,night,,0.0,0.0,night,-3.286666666666962,0.0,0.0,night,-4.433333333332696,0.0,0.0,night,-2.5066666666668436,0.0,0.0,night,-3.486666666666702,0.0,0.0,0.0,0.0,0.0,0.0,0.0,0.0,0.0,0.0,0.0,0.0,0.0,0.0,0.0,0.0,0.0,0.0,0.0,0.0,0.0,0.0,0.0,0.0,0.0,0.0,0.0,0.0,0.0,0.0,0.0,0.0,0.0,0.0,0.0,0.0,0.0,0.0,0.0,0.0,0.0,0.0,-3.9066666666667405,-3.8333333333334063,-3.8800000000000736,-2.7000000000000357,-2.5666666666667033,-2.3933333333333704,,,,-3.0600000000002963,-3.7333333333336283,-3.4066666666669607,-4.48666666666603,-4.3199999999993794,-3.826666666666063,-2.5800000000001777,-2.5133333333335104,-2.6533333333335105,-4.173333333333367,-3.420000000000036,-3.333333333333367
